Workbook
Name _: '[1]???????'!#REF!
Name _: '[1]???????'!#REF!
Name _: [1]_______!#REF!
Name _: '[1]???????'!#REF!
Name _: '[1]???????'!#REF!
Name _: '[1]???????'!#REF!
Name _: '[1]???????'!#REF!
Name _?: '[2]#REF!'!#REF!
Name _?: '[2]#REF!'!#REF!
Name _?: #REF!
Name _?: '[2]#REF!'!#REF!
Name _?: '[2]#REF!'!#REF!
Name _?: '[2]#REF!'!#REF!
Name _?: '[2]#REF!'!#REF!
Name _??: #REF!
Name _???: #REF!
Name _???: #REF!
Name _???: #REF!
Name _???: #REF!
Name _???: #REF!
Name _???: #REF!
Name _???: #REF!
Name _????: #REF!
Name _???_1: #REF!
Name _???_1: #REF!
Name _???_1: #REF!
Name _???_1: #REF!
Name _???_1: #REF!
Name _???_1: #REF!
Name _???_1: #REF!
Name _???_2: #REF!
Name _???_2: #REF!
Name _???_2: #REF!
Name _???_2: #REF!
Name _???_2: #REF!
Name _???_2: #REF!
Name _???_2: #REF!
Name _???_3: #REF!
Name _???_3: #REF!
Name _???_3: #REF!
Name _???_3: #REF!
Name _???_3: #REF!
Name _???_3: #REF!
Name _???_3: #REF!
Name _???_4: #REF!
Name _???_4: #REF!
Name _???_4: #REF!
Name _???_4: #REF!
Name _???_4: #REF!
Name _???_4: #REF!
Name _???_4: #REF!
Name _???_5: #REF!
Name _???_5: #REF!
Name _???_5: #REF!
Name _???_5: #REF!
Name _???_5: #REF!
Name _???_5: #REF!
Name _???_5: #REF!
Name _???_6: #REF!
Name _???_6: #REF!

Sheet FY2024 Target
A1: FY24 PPORF Evaluation Factor and Target per Key
A2: Key | B2: Key Leader | C2: Evaluation Factor | E2: Key Leader | L2: TS | N2: CN | P2: YF | R2: PPS | T2: F3 | V2: SG
E3: FY19 Data | F3: FY20 Tgt | G3: FY20 Data | H3: FY21 Tgt | I3: FY22 Act | J3: FY23 Act | K3: FY24 Tgt | L3: FY23 Act | M3: FY24 Tgt | N3: FY23 Act | O3: FY24 Tgt | P3: FY23 Act | Q3: FY24 Tgt | R3: FY23 Act | S3: FY24 Tgt | T3: FY23 Act | U3: FY24 Tgt | V3: FY23 Act | W3: FY24 Tgt
A4: 1 | B4: SCR | C4: 5S Check Sheet Score (Level 3.5 Work Place) - 99.63 points (FY2022 actual) | E4: 98.63 | F4: 98 | G4: 99.02 | H4: 98 | I4: =AVERAGE(L4,N4,P4,R4,V4) -> #DIV/0!
C5: 5S Check Sheet Score (Hidden Rooms) - 99.86 points (FY2022 actual) | E5: 98.99 | F5: 98 | G5: 98.29 | H5: 98 | I5: =AVERAGE(I4,L5,N5,P5,R5,V5) -> #DIV/0!
C6: Waste segregation (common areas)- 50% reduction of audit findings (from 6 to 3) | I6: =AVERAGE(L6,N6,P6,R6,V6) -> #DIV/0! | L6: n/a | M6: n/a | N6: n/a | O6: n/a | P6: n/a | Q6: n/a | R6: n/a | S6: n/a
C7: Waste segregation (defined / specific areas) - 50% reduction of audit findings (from 2 to 1) | E7: 98.59 | F7: 13 | G7: 9 | H7: 5 | I7: =AVERAGE(L7,N7,P7,R7,V7) -> #DIV/0!
C8: 5S Check Sheet Score (Common Areas) - 98.25 points (FY2022 actual) - for monitoring only | E8: 99.72 | F8: CN -3 TS-1 Others - 0 | G8: 6 | H8: 0 | I8: =AVERAGE(L8,N8,P8,R8,V8) -> #DIV/0! | L8: n/a | M8: n/a | N8: n/a | O8: n/a | P8: n/a | Q8: n/a | R8: n/a | S8: n/a
A9: 4 | B9: STP | C9: Energy Consumption (KwH per $1k sales) | D9: Energy Consumption (KwH per $1k sales) | E9: =631290 -> 631290 | F9: =599726 -> 599726 | G9: 608300 | H9: 590051 | I9: 146.16 | L9: n/a | M9: n/a | N9: n/a | O9: n/a | P9: n/a | Q9: n/a | R9: n/a | S9: n/a
D10: Water Consumption (cu.m) / headcount (Factory 1 and Factory 2) (10% reduction) | E10: 2.03 | F10: 1.97 | G10: 2.03 | H10: 1.9691 | I10: 1.71 | L10: n/a | M10: n/a | N10: n/a | O10: n/a | P10: n/a | Q10: n/a | R10: n/a | S10: n/a
C11: Paper Consumption (reams) (10% reduction) | I11: 134.14
C12: Reduce Inventory variance from actual count vs.YPICS data by 3% reduction | E12: 205 | F12: 205.4 | G12: =L12+N12+P12+R12+V12 -> #VALUE! | H12: 163.55 | I12: 0.36 | P12: n/a | Q12: n/a | R12: n/a | S12: n/a | V12: n/a | W12: n/a
C13: Ink Consumption (5% Reduction in K Php) - for monitoring only | E13: 0.42 | F13: 0.39 | G13: 0.38 | H13: 0.36 | I13: 745.8
C14: Co. Wide Sales Turn Over Rate (For Monitoring only) Formula: = Total Sales ( 12 Months ) Month End Inventory | E14: =12.86/4 -> 3.215 | F14: =11.57/4 -> 2.8925 | G14: 9.52 | H14: 8.568 | I14: 11.4 | R14: n/a | S14: n/a | V14: n/a | W14: n/a
A15: 6 | B15: ROR | C15: Improved Labor Efficiency (DL) - by 5% from FY 2022 actual performance | E15: 1.070675 | F15: 1.0925 | G15: 1.08 | H15: 1.13 | I15: 0.99416852 | R15: n/a | S15: n/a | V15: n/a | W15: n/a
C16: Improved Labor Efficiency (DL + ODL) 3% minimum from FY 2022 actual performance | E16: 0.8396 | F16: 0.89 | G16: 0.85666667 | H16: 0.91 | I16: 0.82626917 | R16: n/a | S16: n/a | V16: n/a | W16: n/a
C17: Value-add sales / manhour - Increase by $0.5/mhr (minimum) | V17: n/a | W17: n/a
C18: Conversion to: Auto / semi auto machine / semi-auto jigs
C19: Machine Efficiency by 5% (PPS) Molding Machine, Stamping & Grinding | D19: PPS-TS | E19: 0.6271 | F19: 0.8 | G19: 0.5 | H19: 0.8 | I19: 0.65 | L19: n/a | M19: n/a | N19: n/a | O19: n/a | P19: n/a | Q19: n/a | V19: n/a | W19: n/a
D20: PPS-CN | I20: 0.75 | L20: n/a | M20: n/a | N20: n/a | O20: n/a | P20: n/a | Q20: n/a | V20: n/a | W20: n/a
C21: Shipment / Report Hit Rate (1st Pass) to 99.30% and over | D21: Automotive | E21: 0.9941 | F21: 0.99643333 | G21: 0.9971 | H21: 1 | I21: 0.99999685 | L21: n/a | M21: n/a | V21: n/a | W21: n/a
D22: Non-automotive | E22: 0.988475 | F22: 0.9929 | G22: 0.995425 | H22: 0.9975 | I22: 0.99703744 | V22: n/a | W22: n/a
D23: Overall Shipment Hit Rate | I23: 0.99719543 | V23: n/a | W23: n/a
D24: SUPPORT GROUP: Based on the Detailed Rule of Organization (DRO) | E24: 1 | F24: 1 | G24: 1 | H24: 1 | I24: 1 | L24: n/a | M24: n/a | N24: n/a | O24: n/a | P24: n/a | Q24: n/a | R24: n/a | S24: n/a
C25: Machine Utilization Rate by 80% - Monitoring only | D25: PPS-TS | I25: 0.58 | L25: n/a | M25: n/a | N25: n/a | O25: n/a | P25: n/a | Q25: n/a | V25: n/a | W25: n/a
D26: PPS-CN | I26: 0.57 | L26: n/a | M26: n/a | N26: n/a | O26: n/a | P26: n/a | Q26: n/a | V26: n/a | W26: n/a
C27: PPS Machine Unplanned Downtime (5%) - for monitoring only | I27: 105.6625 | L27: n/a | M27: n/a | N27: n/a | O27: n/a | P27: n/a | Q27: n/a | V27: n/a | W27: n/a
C28: Line OEE (CN) - Monitoring only (new evaluation factor) | L28: n/a | M28: n/a | P28: n/a | Q28: n/a | R28: n/a | S28: n/a | V28: n/a | W28: n/a
C29: Line Availability (A%) | I29: - | L29: n/a | M29: n/a | P29: n/a | Q29: n/a | R29: n/a | S29: n/a | V29: n/a | W29: n/a
C30: Line Performance (P%) | I30: - | L30: n/a | M30: n/a | P30: n/a | Q30: n/a | R30: n/a | S30: n/a | V30: n/a | W30: n/a
C31: Line Quality (Q%) | I31: - | L31: n/a | M31: n/a | P31: n/a | Q31: n/a | R31: n/a | S31: n/a | V31: n/a | W31: n/a
A32: 11 | B32: RDM | C32: 1. Customer Claim- Class A - Total Weighted AVE: (5%) | E32: 14 | F32: 10 | G32: 18 | H32: 13 | I32: 7 | J32: =L32+N32+P32+R32 -> 10 | K32: =M32+O32+Q32+S32 -> 9 | L32: 2 | M32: 1 | N32: 6 | O32: 6 | P32: 0 | Q32: 0 | R32: 2 | S32: 2 | V32: n/a | W32: n/a
C33: 2. Customer Claim- Class B/C Weighted AVE: (5%) | E33: 12 | F33: 9 | G33: 7 | H33: 6 | I33: 9 | J33: 4 | K33: 4 | L33: 0 | M33: 1 | N33: 3 | O33: 3 | P33: 0 | Q33: 0 | R33: 0 | S33: 0 | V33: n/a | W33: n/a
C34: 3. Internal Customer Claim for Support Group (Weighted AVE: (50%) | E34: 0 | F34: 0 | G34: 0 | H34: 0 | I34: 0 | J34: 0 | K34: 0 | L34: n/a | M34: n/a | N34: n/a | O34: n/a | P34: n/a | Q34: n/a | R34: n/a | S34: n/a | V34: 0 | W34: 0
C35: 3. Internal Customer Claim for Production (Weighted AVE: (5%) | E35: 90 | F35: 45 | G35: 40 | H35: 34 | I35: 31 | J35: =N35+R35 -> 20 | K35: =O35+S35 -> 18 | L35: n/a | M35: n/a | N35: 0 | O35: 3 | P35: n/a | Q35: n/a | R35: 20 | S35: 15 | V35: n/a | W35: n/a
C36: 4. First Pass Dppm (Total) (Weighted AVE: (20%) | E36: 6450 | F36: 4838 | G36: 5873 | H36: 4700 | I36: 3141 | J36: 2478 | K36: 2305 | L36: 668 | M36: 574 | N36: 2405 | O36: 2044 | P36: 432 | Q36: 367 | R36: 2758 | S36: 2649 | V36: n/a | W36: n/a
C37: 4. First Pass Dppm - (Automotive only) (Weighted AVE: (20%) | E37: 6872 | F37: 5154 | G37: 4250 | H37: 3825 | I37: 7019 | J37: 2549 | K37: 2166 | L37: n/a | M37: n/a | N37: 2558 | O37: 2174 | P37: 472 | Q37: 420 | R37: n/a | S37: n/a | V37: n/a | W37: n/a
C38: 5. First Pass Yield - (Total) (Weighted AVE: (20%) | E38: 0.9935 | F38: 0.9948 | G38: 0.9942 | H38: 0.9948 | I38: 0.9969 | J38: 0.9975 | K38: 0.9977 | L38: 0.9993 | M38: 0.9994 | N38: 0.9976 | O38: 0.9981 | P38: 0.9996 | Q38: 0.9998 | R38: 0.9972 | S38: 0.9974 | V38: n/a | W38: n/a
C39: 5. First Pass Yield - (Automotive only) Weighted AVE: (20%) | E39: 0.9931 | F39: 0.9949 | G39: 0.9957 | H39: 0.9961 | I39: 0.993 | J39: 0.9975 | K39: 0.9998 | L39: n/a | M39: n/a | N39: 0.9974 | O39: 0.9984 | P39: 0.9995 | Q39: 0.9996 | R39: n/a | S39: n/a | V39: n/a | W39: n/a
C40: 6. Loss Cost ratio to Sales - (Total) 9Weighted AVE: (20%) | E40: 0.0037 | F40: 0.003 | G40: 0.003 | H40: 0.0028 | I40: 0.0021 | J40: 0.0018 | K40: 0.0016 | L40: 0.001 | M40: 0.001 | N40: 0.0023 | O40: 0.0019 | P40: 0.0003 | Q40: 0.0003 | R40: 0.005 | S40: 0.0045 | V40: n/a | W40: n/a
C41: 7. OQC Dppm - (Total) (Weighted AVE: (20%) | E41: 17 | F41: 14 | G41: 7 | H41: 6 | I41: 5 | J41: 11 | K41: 2.32 | L41: 5 | M41: 3.5 | N41: 3 | O41: 3.3 | P41: 0 | Q41: 0 | R41: 26 | S41: 1.4 | V41: n/a | W41: n/a
C42: 7. OQC Dppm - (Automotive only) (Weighted AVE: (20%) | E42: 19 | F42: 15 | G42: 10 | H42: 9 | I42: 5 | J42: 2 | K42: 2.865 | L42: n/a | M42: n/a | N42: 2 | O42: 0 | P42: 0 | Q42: 0 | R42: n/a | S42: n/a | V42: n/a | W42: n/a
C43: 8. OQC LAR- (Total) Weighted AVE: (20%) | E43: 0.9967 | F43: 0.9972 | G43: 0.9987 | H43: 0.9988 | I43: 0.9993 | J43: 0.9995 | K43: 0.9996 | L43: 0.9997 | M43: 0.9997 | N43: 0.999 | O43: 0.9994 | P43: 1 | Q43: 1 | R43: 0.9996 | S43: 0.9998 | V43: n/a | W43: n/a
C44: 8. OQC LAR- (Automotive only) (Weighted AVE: (20%) | E44: 0.9915 | F44: 0.9928 | G44: 0.9954 | H44: 0.9958 | I44: 0.9981 | J44: 0.9996 | K44: 0.9984 | L44: n/a | M44: n/a | N44: 0.9996 | O44: 0.9991 | P44: 1 | Q44: 1 | R44: n/a | S44: n/a | V44: n/a | W44: n/a
C45: 9. Supplier's Performance- (Delivery, Quality, Cost/Services) - (direct / indeirect Suppliers) (Weighted AVE: 50%) | E45: 0.9946 | F45: 0.996 | G45: 0.9956 | H45: 0.9967 | I45: 0.9979 | J45: 0.9973 | K45: 0.95 | L45: n/a | M45: n/a | N45: n/a | O45: n/a | P45: n/a | Q45: n/a | R45: n/a | S45: n/a | V45: 0.9973 | W45: 0.95
A46: 15 | B46: EDP | C46: 1) Increase skills inventory on identified critical station or processes - TS /CN/YF identified critical station or process - YF : Plus 10 additional personnel certified in multi-process - PPS-TS : Plus 10 personnel certfied in automatic digital measuring device - PPS -CN : Plus 10 personnel certified in vertical and horizontal M/Cs - Facility : Equipment trouble shooting, repair and maintenance - SG: 2 skills per selected staff | E46: 431 | F46: 526 | G46: 572 | H46: 571 | I46: =L46+N46+P46+R46+V46 -> 0
C47: 2. Create Flexi-line | I47: =L47+N47 -> 0 | V47: n/a | W47: n/a
C48: Skill flexibility actual application at least 1 shift/count- new evaluation factor in FY 2023
C49: (FAS) Transfer of know-how to line engineers thru trainings (Two skill sets) | V49: n/a | W49: n/a

Sheet Tri-color
A1: FY2024 KEY 11 TRI-COLOR EVALUATION
A2: MONTH GROUP | B2: 45383 | D2: 45413 | F2: 45444 | H2: 45474 | J2: 45505 | L2: 45536 | N2: 45566 | P2: 45597 | R2: 45627 | T2: 45658 | V2: 45689 | X2: 45717 | Y2: PPORF LEVEL | Z2: ∆
A4: EMS | B4: 0.53 | D4: 0.98 | Y4: =(0.5/20)*((X4-100%)*100)+4 -> 1.5 | Z4: Un
A5: TS | B5: 0.7 | D5: 0.1 | F5: 0.3 | H5: 0.3 | J5: 0.3179 | Y5: =(0.5/20)*((X5-100%)*100)+4 -> 1.5
A6: PPS | B6: 0.9999 | D6: 1 | F6: 0.7403 | H6: 0.65 | J6: 0.7499 | Y6: =(0.5/20)*((X6-100%)*100)+4 -> 1.5
A7: CN | B7: 1 | D7: 0.95 | F7: 0.95 | H7: 0.8218 | J7: 0.25 | Y7: =(0.5/20)*((X7-100%)*100)+4 -> 1.5 | Z7: Un
A8: YF | B8: 1 | D8: 1 | F8: 1 | H8: 1 | J8: 1 | Y8: =(0.5/20)*((X8-100%)*100)+4 -> 1.5 | Z8: Un
A9: Admin/Support Group/QAD | B9: 1 | D9: 1 | F9: 1 | H9: 1 | J9: 1 | Y9: =(0.5/20)*((X9-100%)*100)+4 -> 1.5 | Z9: Un
A11: COMPANY-WIDE TRI-COLOR | B11: ='Company-wide'!AK229 -> 0.9 | D11: ='Company-wide'!AL229 -> 0.95 | F11: ='Company-wide'!AM229 -> 0.92743499 | H11: ='Company-wide'!AN229 -> 0.65 | J11: 0.85 | AA11: `
A13: COMPANY-WIDE PPORF LEVEL | B13: =(0.5/20)*((B11-100%)*100)+4 -> 3.75 | C13: =(0.5/20)*((C11-100%)*100)+4 -> 1.5 | D13: =(0.5/20)*((D11-100%)*100)+4 -> 3.875 | E13: =(0.5/20)*((E11-100%)*100)+4 -> 1.5 | F13: =(0.5/20)*((F11-100%)*100)+4 -> 3.8185875 | G13: =(0.5/20)*((G11-100%)*100)+4 -> 1.5 | H13: =(0.5/20)*((H11-100%)*100)+4 -> 3.125 | I13: =(0.5/20)*((I11-100%)*100)+4 -> 1.5 | ... X13: =(0.5/20)*((X11-100%)*100)+4 -> 1.5
A15: TRI-COLOR SUMMARY
A16: Green
A17: Yellow
A18: Red
A21: KEY 11 LEVEL | B21: RATING | D21: TRI-COLOR
D22: COLOR | E22: RATE | F22: RATE
A23: 1 | B23: 0 | E23: > 80% | F23: > 80%
A24: 1.5 | B24: 1 ~ 20 | E24: 50% - 79 % | F24: 50% - 79 %
A25: 2 | B25: 21 ~ 40 | E25: < 50% | F25: < 50%
A26: 2.5 | B26: 41 ~ 60
A27: 3 | B27: 61 ~ 80
A28: 3.5 | B28: 81 - 100
A29: 4
A30: 4.5
A31: 5

Sheet Company-wide
A2: =AO229 -> 0.85 | B2: Action Plan | E2: Division / Section: | I2: Company-wide | R2: Ref. No.: | Z2: Approved (sign)
B3: Theme | E3: Responsible Person | I3: Team Members | R3: Date Prepared: | T3: Sept 14, 2024 | Z3: ESM/EAN/RNS
A4: Key 11 | B4: Quality Assurance System | E4: Rita D. Morallos | I4: Joylyn P. / Tristine M. / Carlo P. / Belen P. / Jezelle A. / Armida M. Lina Palencia - Asst Leader | R4: Approval: | T4: RDM
A5: Aiming for Improvement | B5: Slogan | E5: Area | I5: Objective | R5: Evaluation Factor Customer Claim | T5: Evaluation Factor First Pass Yield / Dppm | V5: Evaluation Factor First Pass Yield / Dppm (Automotive) | X5: Evaluation Factor OQC LAR / Dppm | Z5: Evaluation Factor OQC LAR / Dppm (Automotive) | AB5: Evaluation Factor Loss Cost Ratio to Sales | AD5: Evaluation Factor Customer Claim (Internal) | AF5: Evaluation Factor Supplier's Performance
B6: Let's apply QA system on countermeasures at the source | E6: COMPANY-WIDE | I6: <> Boost Efficiency and Quality with Higher YIELD / Lower DPPM for Better Performance | R6: FY23 | S6: FY24Tgt | T6: FY23 | U6: FY24Tgt | V6: FY23 | W6: FY24Tgt | X6: FY23 | Y6: FY24Tgt | Z6: FY23 | AA6: FY24Tgt | AB6: FY23 | AC6: FY24Tgt | AD6: FY23 | AE6: FY24Tgt | AF6: FY23 | AG6: FY24Tgt
I7: <> Enhance Outgoing LAR while Decreasing DPPM | R7: Class A 10 | S7: Class A 9 | T7: 0.9975 | U7: 0.9977 | V7: 0.9975 | W7: 0.9998 | X7: 0.9995 | Y7: 0.9996 | Z7: 0.9996 | AA7: 0.9984 | AB7: 0.0018 | AC7: 0.0016 | AD7: 20 | AE7: 18 | AF7: 0.9973 | AG7: 0.95
I8: <> Customer Satisfaction Enhancement: Minimizing Customer’s Complaints
I9: <> Attainment of Company-Wide Loss Cost Ratio to Sales Goal
R10: Class B/C 4 | S10: Class B/C 4 | T10: 2478 | U10: 2305 | V10: 2549 | W10: 2166 | X10: 11 | Y10: 2 | Z10: 2 | AA10: 2.865
A13: No | B13: Action | E13: Person | F13: Apr | G13: May | H13: Jun | I13: Jul | J13: Aug | K13: Sep | L13: Oct | M13: Nov | N13: Dec | O13: Jan | P13: Feb | Q13: Mar | R13: Follow-up by Responsible Person | Z13: Comments from Manager
A14: 1 | B14: Data consolidation coming from each group. | E14: RDM & Key 11 Members | R14: April 2024 RDM | S14: EF with issue is the OQC LAR & Dppm - implement all actions to prevent reccurence | Z14: April 2024 RNS | AA14: Overall performance is good. Just watch out for OQC LAR/Dppm
A15: 2 | B15: > Implement & monitor the quality improvement per production section as planned. | E15: Key 11 Members (Operations) | R15: May 2024 RDM | S15: TS Section has off target performance (Yield, Loss cost & OQC LAR)- Need to implement all formulated actions per as planned. | Z15: May 2024 RNS | AA15: Please implement all derived actions.
R16: June 2024 RDM | S16: Overall performance is on target. Keep it up. | Z16: June 2024 RNS | AA16: Please implement all derived actions consistently
R17: July 2024 RDM | S17: The Yield & LAR of co-wide declined, thus actions from each section is important to impact to total performance | Z17: July 2024 RNS | AA17: Be mindful of each group's performanxe & implement actions accordingly
R18: Aug 2024 RDM | S18: EF of co-wide is on target even if TS & CN performance is off target | Z18: Aug 2024 RNS | AA18: Continue to derive actions and make a way to implement it.
AJ51: Pink cell should be updated
AH52: Company-Wide
AH53: 1.) Customer Claim (Class A) | AJ53: 45352 | AK53: 45383 | AL53: 45413 | AM53: 45444 | AN53: 45474 | AO53: 45505 | AP53: 45536 | AQ53: 45566 | AR53: 45597 | AS53: 45627 | AT53: 45658 | AU53: 45689 | AV53: 45717
AH54: =(AV54-AJ54)/12 -> 0 | AJ54: =AV54 -> 10 | AK54: =AJ54+$AH$54 -> 10 | AL54: =AK54+$AH$54 -> 10 | AM54: =AL54+$AH$54 -> 10 | AN54: =AM54+$AH$54 -> 10 | AO54: =AN54+$AH$54 -> 10 | AP54: =AO54+$AH$54 -> 10 | AQ54: =AP54+$AH$54 -> 10 | AR54: =AQ54+$AH$54 -> 10 | ... AU54: =AT54+$AH$54 -> 10 | AV54: 10
AH55: =(AV55-AJ55)/12 -> -0.041666667 | AI55: Performance | AJ55: =AV54 -> 10 | AK55: =AJ55+$AH$55 -> 9.9583333 | AL55: =AK55+$AH$55 -> 9.9166667 | AM55: =AL55+$AH$55 -> 9.875 | AN55: =AM55+$AH$55 -> 9.8333333 | AO55: =AN55+$AH$55 -> 9.7916667 | AP55: =AO55+$AH$55 -> 9.75 | AQ55: =AP55+$AH$55 -> 9.7083333 | AR55: =AQ55+$AH$55 -> 9.6666667 | ... AU55: =AT55+$AH$55 -> 9.5416667 | AV55: =AV54-(AV54-AV57)*0.5 -> 9.5
AH56: =(AV56-AJ56)/12 -> -0.066666667 | AI56: Performance | AJ56: =AV54 -> 10 | AK56: =AJ56+$AH$56 -> 9.9333333 | AL56: =AK56+$AH$56 -> 9.8666667 | AM56: =AL56+$AH$56 -> 9.8 | AN56: =AM56+$AH$56 -> 9.7333333 | AO56: =AN56+$AH$56 -> 9.6666667 | AP56: =AO56+$AH$56 -> 9.6 | AQ56: =AP56+$AH$56 -> 9.5333333 | AR56: =AQ56+$AH$56 -> 9.4666667 | ... AU56: =AT56+$AH$56 -> 9.2666667 | AV56: =AV54-(AV54-AV57)*0.8 -> 9.2
AH57: =(AV57-AJ57)/12 -> -0.083333333 | AI57: Performance | AJ57: =AV54 -> 10 | AK57: =AJ57+$AH$57 -> 9.9166667 | AL57: =AK57+$AH$57 -> 9.8333333 | AM57: =AL57+$AH$57 -> 9.75 | AN57: =AM57+$AH$57 -> 9.6666667 | AO57: =AN57+$AH$57 -> 9.5833333 | AP57: =AO57+$AH$57 -> 9.5 | AQ57: =AP57+$AH$57 -> 9.4166667 | AR57: =AQ57+$AH$57 -> 9.3333333 | ... AU57: =AT57+$AH$57 -> 9.0833333 | AV57: 9
AH58: Accum. Actual Performance | AK58: =AK60 -> 0 | AL58: =AK58+AL60 -> 0 | AM58: =AL58+AM60 -> 1 | AN58: =AM58+AN60 -> 2 | AO58: =AN58+AO60 -> 3 | AP58: =AO58+AP60 -> 3 | AQ58: =AP58+AQ60 -> 3 | AR58: =AQ58+AR60 -> 3 | AS58: =AR58+AS60 -> 3 | ... AV58: =AU58+AV60 -> 3
AH60: Actual Performance | AK60: =TS!AG50+PPD!AI59+CN!AK63+YF!AK59 -> 0 | AL60: =TS!AH50+PPD!AJ59+CN!AL63+YF!AL59 -> 0 | AM60: =TS!AI50+PPD!AK59+CN!AM63+YF!AM59 -> 1 | AN60: =TS!AJ50+PPD!AL59+CN!AN63+YF!AN59 -> 1 | AO60: =TS!AK50+PPD!AM59+CN!AO63+YF!AO59 -> 1 | AP60: =TS!AL50+PPD!AN59+CN!AP63+YF!AP59 -> 0 | AQ60: =TS!AM50+PPD!AO59+CN!AQ63+YF!AQ59 -> 0 | AR60: =TS!AN50+PPD!AP59+CN!AR63+YF!AR59 -> 0 | ... AV60: =TS!AR50+PPD!AT59+CN!AV63+YF!AV59 -> 0
AK61: =AK60 -> 0 | AL61: =AL60 -> 0 | AM61: =AM60 -> 1 | AN61: =AN60 -> 1 | AO61: =AO60 -> 1 | AP61: =AP60 -> 0 | AQ61: =AQ60 -> 0 | AR61: =AR60 -> 0 | ... AV61: =AV60 -> 0
AH62: Achievement Rate | AK62: =(AK54-AK58)/(AK54-AK57) -> 120 | AL62: =(AL54-AL58)/(AL54-AL57) -> 60 | AM62: =(AM54-AM58)/(AM54-AM57) -> 36 | AN62: =(AN54-AN58)/(AN54-AN57) -> 24 | AO62: =(AO54-AO58)/(AO54-AO57) -> 16.8 | AP62: =(AP54-AP58)/(AP54-AP57) -> 14 | AQ62: =(AQ54-AQ58)/(AQ54-AQ57) -> 12 | AR62: =(AR54-AR58)/(AR54-AR57) -> 10.5 | ... AV62: =(AV54-AV58)/(AV54-AV57) -> 7
AH63: Achievement Rate (Conditional) | AK63: =IF(OR(AK62>=100%),100%,IF(OR(AK62<=0%),0%,AVERAGE(AK62))) -> 1 | AL63: =IF(OR(AL62>=100%),100%,IF(OR(AL62<=0%),0%,AVERAGE(AL62))) -> 1 | AM63: =IF(OR(AM62>=100%),100%,IF(OR(AM62<=0%),0%,AVERAGE(AM62))) -> 1 | AN63: =IF(OR(AN62>=100%),100%,IF(OR(AN62<=0%),0%,AVERAGE(AN62))) -> 1 | AO63: =IF(OR(AO62>=100%),100%,IF(OR(AO62<=0%),0%,AVERAGE(AO62))) -> 1 | AP63: =IF(OR(AP62>=100%),100%,IF(OR(AP62<=0%),0%,AVERAGE(AP62))) -> 1 | AQ63: =IF(OR(AQ62>=100%),100%,IF(OR(AQ62<=0%),0%,AVERAGE(AQ62))) -> 1 | AR63: =IF(OR(AR62>=100%),100%,IF(OR(AR62<=0%),0%,AVERAGE(AR62))) -> 1 | ... AV63: =IF(OR(AV62>=100%),100%,IF(OR(AV62<=0%),0%,AVERAGE(AV62))) -> 1
AH64: WEIGHTED AVERAGE | AK64: =AK63*0.05 -> 0.05 | AL64: =AL63*0.05 -> 0.05 | AM64: =AM63*0.05 -> 0.05 | AN64: =AN63*0.05 -> 0.05 | AO64: =AO63*0.05 -> 0.05 | AP64: =AP63*0.05 -> 0.05 | AQ64: =AQ63*0.05 -> 0.05 | AR64: =AR63*0.05 -> 0.05 | ... AV64: =AV63*0.05 -> 0.05
AH67: 2) Customer Claim (Class B/C) | AJ67: 45352 | AK67: 45383 | AL67: 45413 | AM67: 45444 | AN67: 45474 | AO67: 45505 | AP67: 45536 | AQ67: 45566 | AR67: 45597 | AS67: 45627 | AT67: 45658 | AU67: 45689 | AV67: 45717
AH68: =(AV68-AJ68)/12 -> 0 | AJ68: =AV68 -> 4 | AK68: =AJ68+$AH$68 -> 4 | AL68: =AK68+$AH$68 -> 4 | AM68: =AL68+$AH$68 -> 4 | AN68: =AM68+$AH$68 -> 4 | AO68: =AN68+$AH$68 -> 4 | AP68: =AO68+$AH$68 -> 4 | AQ68: =AP68+$AH$68 -> 4 | AR68: =AQ68+$AH$68 -> 4 | ... AU68: =AT68+$AH$68 -> 4 | AV68: 4
AH69: =(AV69-AJ69)/12 -> 0 | AI69: Performance | AJ69: =AV68 -> 4 | AK69: =AJ69+$AH$69 -> 4 | AL69: =AK69+$AH$69 -> 4 | AM69: =AL69+$AH$69 -> 4 | AN69: =AM69+$AH$69 -> 4 | AO69: =AN69+$AH$69 -> 4 | AP69: =AO69+$AH$69 -> 4 | AQ69: =AP69+$AH$69 -> 4 | AR69: =AQ69+$AH$69 -> 4 | ... AU69: =AT69+$AH$69 -> 4 | AV69: =AV68-(AV68-AV71)*0.5 -> 4
AH70: =(AV70-AJ70)/12 -> 0 | AI70: Performance | AJ70: =AV68 -> 4 | AK70: =AJ70+$AH$70 -> 4 | AL70: =AK70+$AH$70 -> 4 | AM70: =AL70+$AH$70 -> 4 | AN70: =AM70+$AH$70 -> 4 | AO70: =AN70+$AH$70 -> 4 | AP70: =AO70+$AH$70 -> 4 | AQ70: =AP70+$AH$70 -> 4 | AR70: =AQ70+$AH$70 -> 4 | ... AU70: =AT70+$AH$70 -> 4 | AV70: =AV68-(AV68-AV71)*0.8 -> 4
AH71: =(AV71-AJ71)/12 -> 0 | AI71: Performance | AJ71: =AV68 -> 4 | AK71: =AJ71+$AH$71 -> 4 | AL71: =AK71+$AH$71 -> 4 | AM71: =AL71+$AH$71 -> 4 | AN71: =AM71+$AH$71 -> 4 | AO71: =AN71+$AH$71 -> 4 | AP71: =AO71+$AH$71 -> 4 | AQ71: =AP71+$AH$71 -> 4 | AR71: =AQ71+$AH$71 -> 4 | ... AU71: =AT71+$AH$71 -> 4 | AV71: 4
AH72: Accum. Actual Performance | AK72: =AK74 -> 0 | AL72: =AK72+AL74 -> 1 | AM72: =AL72+AM74 -> 2 | AN72: =AM72+AN74 -> 2 | AO72: =AN72+AO74 -> 2 | AP72: =AO72+AP74 -> 2 | AQ72: =AP72+AQ74 -> 2 | AR72: =AQ72+AR74 -> 2 | AS72: =AR72+AS74 -> 2 | ... AV72: =AU72+AV74 -> 2
AH74: Actual Performance | AK74: =TS!AG64+PPD!AI73+CN!AK77+YF!AK73 -> 0 | AL74: =TS!AH64+PPD!AJ73+CN!AL77+YF!AL73 -> 1 | AM74: =TS!AI64+PPD!AK73+CN!AM77+YF!AM73 -> 1 | AN74: =TS!AJ64+PPD!AL73+CN!AN77+YF!AN73 -> 0 | AO74: =TS!AK64+PPD!AM73+CN!AO77+YF!AO73 -> 0 | AP74: =TS!AL64+PPD!AN73+CN!AP77+YF!AP73 -> 0 | AQ74: =TS!AM64+PPD!AO73+CN!AQ77+YF!AQ73 -> 0 | AR74: =TS!AN64+PPD!AP73+CN!AR77+YF!AR73 -> 0 | ... AV74: =TS!AR64+PPD!AT73+CN!AV77+YF!AV73 -> 0
AK75: =AK74 -> 0 | AL75: =AL74 -> 1 | AM75: =AM74 -> 1 | AN75: =AN74 -> 0 | AO75: =AO74 -> 0 | AP75: =AP74 -> 0 | AQ75: =AQ74 -> 0 | AR75: =AR74 -> 0 | ... AV75: =AV74 -> 0
AH76: Achievement Rate | AK76: 1 | AL76: 1 | AM76: 1 | AN76: 1 | AO76: 1 | AP76: =(AP68-AP72)/(AP68-AP71) -> #DIV/0! | AQ76: =(AQ68-AQ72)/(AQ68-AQ71) -> #DIV/0! | AR76: =(AR68-AR72)/(AR68-AR71) -> #DIV/0! | AS76: =(AS68-AS72)/(AS68-AS71) -> #DIV/0! | AT76: =(AT68-AT72)/(AT68-AT71) -> #DIV/0! | AU76: =(AU68-AU72)/(AU68-AU71) -> #DIV/0! | AV76: =(AV68-AV72)/(AV68-AV71) -> #DIV/0!
AH77: Achievement Rate (Conditional) | AK77: =IF(OR(AK76>=100%),100%,IF(OR(AK76<=0%),0%,AVERAGE(AK76))) -> 1 | AL77: =IF(OR(AL76>=100%),100%,IF(OR(AL76<=0%),0%,AVERAGE(AL76))) -> 1 | AM77: =IF(OR(AM76>=100%),100%,IF(OR(AM76<=0%),0%,AVERAGE(AM76))) -> 1 | AN77: =IF(OR(AN76>=100%),100%,IF(OR(AN76<=0%),0%,AVERAGE(AN76))) -> 1 | AO77: =IF(OR(AO76>=100%),100%,IF(OR(AO76<=0%),0%,AVERAGE(AO76))) -> 1 | AP77: =IF(OR(AP76>=100%),100%,IF(OR(AP76<=0%),0%,AVERAGE(AP76))) -> #DIV/0! | AQ77: =IF(OR(AQ76>=100%),100%,IF(OR(AQ76<=0%),0%,AVERAGE(AQ76))) -> #DIV/0! | AR77: =IF(OR(AR76>=100%),100%,IF(OR(AR76<=0%),0%,AVERAGE(AR76))) -> #DIV/0! | ... AV77: =IF(OR(AV76>=100%),100%,IF(OR(AV76<=0%),0%,AVERAGE(AV76))) -> #DIV/0!
AH78: WEIGHTED AVERAGE | AK78: =AK77*0.05 -> 0.05 | AL78: =AL77*0.05 -> 0.05 | AM78: =AM77*0.05 -> 0.05 | AN78: =AN77*0.05 -> 0.05 | AO78: =AO77*0.05 -> 0.05 | AP78: =AP77*0.05 -> #DIV/0! | AQ78: =AQ77*0.05 -> #DIV/0! | AR78: =AR77*0.05 -> #DIV/0! | ... AV78: =AV77*0.05 -> #DIV/0!
AH80: 3) Internal Claim | AJ80: 45352 | AK80: 45383 | AL80: 45413 | AM80: 45444 | AN80: 45474 | AO80: 45505 | AP80: 45536 | AQ80: 45566 | AR80: 45597 | AS80: 45627 | AT80: 45658 | AU80: 45689 | AV80: 45717
AH81: =(AV81-AJ81)/12 -> 0 | AJ81: =AV81 -> 20 | AK81: =AJ81+$AH$81 -> 20 | AL81: =AK81+$AH$81 -> 20 | AM81: =AL81+$AH$81 -> 20 | AN81: =AM81+$AH$81 -> 20 | AO81: =AN81+$AH$81 -> 20 | AP81: =AO81+$AH$81 -> 20 | AQ81: =AP81+$AH$81 -> 20 | AR81: =AQ81+$AH$81 -> 20 | ... AU81: =AT81+$AH$81 -> 20 | AV81: 20
AH82: =(AV82-AJ82)/12 -> -0.083333333 | AI82: Performance | AJ82: =AV81 -> 20 | AK82: =AJ82+$AH$82 -> 19.916667 | AL82: =AK82+$AH$82 -> 19.833333 | AM82: =AL82+$AH$82 -> 19.75 | AN82: =AM82+$AH$82 -> 19.666667 | AO82: =AN82+$AH$82 -> 19.583333 | AP82: =AO82+$AH$82 -> 19.5 | AQ82: =AP82+$AH$82 -> 19.416667 | AR82: =AQ82+$AH$82 -> 19.333333 | ... AU82: =AT82+$AH$82 -> 19.083333 | AV82: =AV81-(AV81-AV84)*0.5 -> 19
AH83: =(AV83-AJ83)/12 -> -0.13333333 | AI83: Performance | AJ83: =AV81 -> 20 | AK83: =AJ83+$AH$83 -> 19.866667 | AL83: =AK83+$AH$83 -> 19.733333 | AM83: =AL83+$AH$83 -> 19.6 | AN83: =AM83+$AH$83 -> 19.466667 | AO83: =AN83+$AH$83 -> 19.333333 | AP83: =AO83+$AH$83 -> 19.2 | AQ83: =AP83+$AH$83 -> 19.066667 | AR83: =AQ83+$AH$83 -> 18.933333 | ... AU83: =AT83+$AH$83 -> 18.533333 | AV83: =AV81-(AV81-AV84)*0.8 -> 18.4
AH84: =(AV84-AJ84)/12 -> -0.16666667 | AI84: Performance | AJ84: =AV81 -> 20 | AK84: =AJ84+$AH$84 -> 19.833333 | AL84: =AK84+$AH$84 -> 19.666667 | AM84: =AL84+$AH$84 -> 19.5 | AN84: =AM84+$AH$84 -> 19.333333 | AO84: =AN84+$AH$84 -> 19.166667 | AP84: =AO84+$AH$84 -> 19 | AQ84: =AP84+$AH$84 -> 18.833333 | AR84: =AQ84+$AH$84 -> 18.666667 | ... AU84: =AT84+$AH$84 -> 18.166667 | AV84: 18
AH85: Accum. Actual Performance | AK85: =AK87 -> 1 | AL85: =AK85+AL87 -> 2 | AM85: =AL85+AM87 -> 3 | AN85: =AM85+AN87 -> 5 | AO85: =AN85+AO87 -> 8 | AP85: =AO85+AP87 -> 8 | AQ85: =AP85+AQ87 -> 8 | AR85: =AQ85+AR87 -> 8 | AS85: =AR85+AS87 -> 8 | ... AV85: =AU85+AV87 -> 8
AH87: Actual Performance | AK87: =CN!AK91+PPD!AI87+Support!AK45 -> 1 | AL87: =CN!AL91+PPD!AJ87+Support!AL45 -> 1 | AM87: =CN!AM91+PPD!AK87+Support!AM45 -> 1 | AN87: =CN!AN91+PPD!AL87+Support!AN45 -> 2 | AO87: =CN!AO91+PPD!AM87+Support!AO45 -> 3 | AP87: =CN!AP91+PPD!AN87+Support!AP45 -> 0 | AQ87: =CN!AQ91+PPD!AO87+Support!AQ45 -> 0 | AR87: =CN!AR91+PPD!AP87+Support!AR45 -> 0 | ... AV87: =CN!AV91+PPD!AT87+Support!AV45 -> 0
AK88: =AK87 -> 1 | AL88: =AL87 -> 1 | AM88: =AM87 -> 1 | AN88: =AN87 -> 2 | AO88: =AO87 -> 3 | AP88: =AP87 -> 0 | AQ88: =AQ87 -> 0 | AR88: =AR87 -> 0 | ... AV88: =AV87 -> 0
AH89: Achievement Rate | AK89: =(AK81-AK85)/(AK81-AK84) -> 114 | AL89: =(AL81-AL85)/(AL81-AL84) -> 54 | AM89: =(AM81-AM85)/(AM81-AM84) -> 34 | AN89: =(AN81-AN85)/(AN81-AN84) -> 22.5 | AO89: =(AO81-AO85)/(AO81-AO84) -> 14.4 | AP89: =(AP81-AP85)/(AP81-AP84) -> 12 | AQ89: =(AQ81-AQ85)/(AQ81-AQ84) -> 10.285714 | AR89: =(AR81-AR85)/(AR81-AR84) -> 9 | ... AV89: =(AV81-AV85)/(AV81-AV84) -> 6
AH90: Achievement Rate (Conditional) | AK90: =IF(OR(AK89>=100%),100%,IF(OR(AK89<=0%),0%,AVERAGE(AK89))) -> 1 | AL90: =IF(OR(AL89>=100%),100%,IF(OR(AL89<=0%),0%,AVERAGE(AL89))) -> 1 | AM90: =IF(OR(AM89>=100%),100%,IF(OR(AM89<=0%),0%,AVERAGE(AM89))) -> 1 | AN90: =IF(OR(AN89>=100%),100%,IF(OR(AN89<=0%),0%,AVERAGE(AN89))) -> 1 | AO90: =IF(OR(AO89>=100%),100%,IF(OR(AO89<=0%),0%,AVERAGE(AO89))) -> 1 | AP90: =IF(OR(AP89>=100%),100%,IF(OR(AP89<=0%),0%,AVERAGE(AP89))) -> 1 | AQ90: =IF(OR(AQ89>=100%),100%,IF(OR(AQ89<=0%),0%,AVERAGE(AQ89))) -> 1 | AR90: =IF(OR(AR89>=100%),100%,IF(OR(AR89<=0%),0%,AVERAGE(AR89))) -> 1 | ... AV90: =IF(OR(AV89>=100%),100%,IF(OR(AV89<=0%),0%,AVERAGE(AV89))) -> 1
AH91: WEIGHTED AVERAGE | AK91: =AK90*0.05 -> 0.05 | AL91: =AL90*0.05 -> 0.05 | AM91: =AM90*0.05 -> 0.05 | AN91: =AN90*0.05 -> 0.05 | AO91: =AO90*0.05 -> 0.05 | AP91: =AP90*0.05 -> 0.05 | AQ91: =AQ90*0.05 -> 0.05 | AR91: =AR90*0.05 -> 0.05 | ... AV91: =AV90*0.05 -> 0.05
AH94: 4) FIRST PASS Yield - Dppm (Total) | AJ94: 45352 | AK94: 45383 | AL94: 45413 | AM94: 45444 | AN94: 45474 | AO94: 45505 | AP94: 45536 | AQ94: 45566 | AR94: 45597 | AS94: 45627 | AT94: 45658 | AU94: 45689 | AV94: 45717
AH95: =(AV95-AJ95)/12 -> -14.416667 | AI95: Performance | AJ95: =AV98 -> 2478 | AK95: =++AJ95+$AH$95 -> 2463.5833 | AL95: =++AK95+$AH$95 -> 2449.1667 | AM95: =++AL95+$AH$95 -> 2434.75 | AN95: =++AM95+$AH$95 -> 2420.3333 | AO95: =++AN95+$AH$95 -> 2405.9167 | AP95: =++AO95+$AH$95 -> 2391.5 | AQ95: =++AP95+$AH$95 -> 2377.0833 | AR95: =++AQ95+$AH$95 -> 2362.6667 | ... AU95: =++AT95+$AH$95 -> 2319.4167 | AV95: 2305
AH96: =(AV96-AJ96)/12 -> -11.533333 | AI96: Performance | AJ96: =AV98 -> 2478 | AK96: =++AJ96+$AH$96 -> 2466.4667 | AL96: =++AK96+$AG$80 -> 2466.4667 | AM96: =++AL96+$AG$80 -> 2466.4667 | AN96: =++AM96+$AG$80 -> 2466.4667 | AO96: =++AN96+$AG$80 -> 2466.4667 | AP96: =++AO96+$AG$80 -> 2466.4667 | AQ96: =++AP96+$AG$80 -> 2466.4667 | AR96: =++AQ96+$AG$80 -> 2466.4667 | AS96: =++AR96+$AG$80 -> 2466.4667 | ... AU96: =++AT96+$AG$80 -> 2466.4667 | AV96: =AV95-(AV95-AV98)*0.2 -> 2339.6
AH97: =(AV97-AJ97)/12 -> -7.2083333 | AI97: Performance | AJ97: =AV98 -> 2478 | AK97: =++AJ97+$AH$97 -> 2470.7917 | AL97: =++AK97+$AH$97 -> 2463.5833 | AM97: =++AL97+$AH$97 -> 2456.375 | AN97: =++AM97+$AH$97 -> 2449.1667 | AO97: =++AN97+$AH$97 -> 2441.9583 | AP97: =++AO97+$AH$97 -> 2434.75 | AQ97: =++AP97+$AH$97 -> 2427.5417 | AR97: =++AQ97+$AH$97 -> 2420.3333 | ... AU97: =++AT97+$AH$97 -> 2398.7083 | AV97: =AV95-(AV95-AV98)*0.5 -> 2391.5
AH98: =(AV98-AJ98)/12 -> 0 | AJ98: =$AV$98 -> 2478 | AK98: =$AV$98 -> 2478 | AL98: =$AV$98 -> 2478 | AM98: =$AV$98 -> 2478 | AN98: =$AV$98 -> 2478 | AO98: =$AV$98 -> 2478 | AP98: =$AV$98 -> 2478 | AQ98: =$AV$98 -> 2478 | ... AU98: =$AV$98 -> 2478 | AV98: 2478
AH99: Actual Performance (Yield Dppm) | AK99: =AK103/AK102*1000000 -> 2270.7993 | AL99: =AL103/AL102*1000000 -> 1938.8589 | AM99: =AM103/AM102*1000000 -> 2444.5094 | AN99: =AN103/AN102*1000000 -> 3187.6248 | AO99: =AO103/AO102*1000000 -> 2291.5637 | AP99: =AP103/AP102*1000000 -> #DIV/0! | AQ99: =AQ103/AQ102*1000000 -> #DIV/0! | AR99: =AR103/AR102*1000000 -> #DIV/0! | ... AV99: =AV103/AV102*1000000 -> #DIV/0!
AH100: Actual Performance (% Yield) | AK100: =AK101/AK102 -> 0.9977292 | AL100: =AL101/AL102 -> 0.99806114 | AM100: =AM101/AM102 -> 0.99755549 | AN100: =AN101/AN102 -> 0.99681238 | AO100: =AO101/AO102 -> 0.99770844 | AP100: =AP101/AP102 -> #DIV/0! | AQ100: =AQ101/AQ102 -> #DIV/0! | AR100: =AR101/AR102 -> #DIV/0! | ... AV100: =AV101/AV102 -> #DIV/0!
AI101: Total OUTPUT | AK101: =TS!AG78+PPD!AI100+CN!AK105+YF!AK88 -> 7580073 | AL101: =TS!AH78+PPD!AJ100+CN!AL105+YF!AL88 -> 13402481 | AM101: =TS!AI78+PPD!AK100+CN!AM105+YF!AM88 -> 13326670 | AN101: =TS!AJ78+PPD!AL100+CN!AN105+YF!AN88 -> 12150159 | AO101: =TS!AK78+PPD!AM100+CN!AO105+YF!AO88 -> 8365889 | AP101: =TS!AL78+PPD!AN100+CN!AP105+YF!AP88 -> 0 | AQ101: =TS!AM78+PPD!AO100+CN!AQ105+YF!AQ88 -> 0 | AR101: =TS!AN78+PPD!AP100+CN!AR105+YF!AR88 -> 0 | ... AV101: =TS!AR78+PPD!AT100+CN!AV105+YF!AV88 -> 0
AI102: Total INPUT | AK102: =TS!AG79+PPD!AI101+CN!AK106+YF!AK89 -> 7597325 | AL102: =TS!AH79+PPD!AJ101+CN!AL106+YF!AL89 -> 13428517 | AM102: =TS!AI79+PPD!AK101+CN!AM106+YF!AM89 -> 13359327 | AN102: =TS!AJ79+PPD!AL101+CN!AN106+YF!AN89 -> 12189013 | AO102: =TS!AK79+PPD!AM101+CN!AO106+YF!AO89 -> 8385104 | AP102: =TS!AL79+PPD!AN101+CN!AP106+YF!AP89 -> 0 | AQ102: =TS!AM79+PPD!AO101+CN!AQ106+YF!AQ89 -> 0 | AR102: =TS!AN79+PPD!AP101+CN!AR106+YF!AR89 -> 0 | ... AV102: =TS!AR79+PPD!AT101+CN!AV106+YF!AV89 -> 0
AI103: TTL NG | AK103: =TS!AG80+PPD!AI102+CN!AK107+YF!AK90 -> 17252 | AL103: =TS!AH80+PPD!AJ102+CN!AL107+YF!AL90 -> 26036 | AM103: =TS!AI80+PPD!AK102+CN!AM107+YF!AM90 -> 32657 | AN103: =TS!AJ80+PPD!AL102+CN!AN107+YF!AN90 -> 38854 | AO103: =TS!AK80+PPD!AM102+CN!AO107+YF!AO90 -> 19215 | AP103: =TS!AL80+PPD!AN102+CN!AP107+YF!AP90 -> 0 | AQ103: =TS!AM80+PPD!AO102+CN!AQ107+YF!AQ90 -> 0 | AR103: =TS!AN80+PPD!AP102+CN!AR107+YF!AR90 -> 0 | ... AV103: =TS!AR80+PPD!AT102+CN!AV107+YF!AV90 -> 0
AH104: Achievement Rate | AK104: =(AK99-AK98)/(AK95-AK98) -> 14.372306 | AL104: =(AL99-AL98)/(AL95-AL98) -> 18.698534 | AM104: =(AM99-AM98)/(AM95-AM98) -> 0.77434988 | AN104: =(AN99-AN98)/(AN95-AN98) -> -12.305632 | AO104: =(AO99-AO98)/(AO95-AO98) -> 2.5863995 | AP104: =(AP99-AP98)/(AP95-AP98) -> #DIV/0! | AQ104: =(AQ99-AQ98)/(AQ95-AQ98) -> #DIV/0! | AR104: =(AR99-AR98)/(AR95-AR98) -> #DIV/0! | ... AV104: =(AV99-AV98)/(AV95-AV98) -> #DIV/0!
AH105: Achievement Rate (Conditional) | AK105: =IF(OR(AK104>=100%),100%,IF(OR(AK104<=0%),0%,AVERAGE(AK104))) -> 1 | AL105: =IF(OR(AL104>=100%),100%,IF(OR(AL104<=0%),0%,AVERAGE(AL104))) -> 1 | AM105: =IF(OR(AM104>=100%),100%,IF(OR(AM104<=0%),0%,AVERAGE(AM104))) -> 0.77434988 | AN105: =IF(OR(AN104>=100%),100%,IF(OR(AN104<=0%),0%,AVERAGE(AN104))) -> 0 | AO105: =IF(OR(AO104>=100%),100%,IF(OR(AO104<=0%),0%,AVERAGE(AO104))) -> 1 | AP105: =IF(OR(AP104>=100%),100%,IF(OR(AP104<=0%),0%,AVERAGE(AP104))) -> #DIV/0! | AQ105: =IF(OR(AQ104>=100%),100%,IF(OR(AQ104<=0%),0%,AVERAGE(AQ104))) -> #DIV/0! | AR105: =IF(OR(AR104>=100%),100%,IF(OR(AR104<=0%),0%,AVERAGE(AR104))) -> #DIV/0! | ... AV105: =IF(OR(AV104>=100%),100%,IF(OR(AV104<=0%),0%,AVERAGE(AV104))) -> #DIV/0!
AH106: WEIGHTED AVERAGE | AK106: =AK105*0.1 -> 0.1 | AL106: =AL105*0.1 -> 0.1 | AM106: =AM105*0.1 -> 0.077434988 | AN106: =AN105*0.1 -> 0 | AO106: =AO105*0.1 -> 0.1 | AP106: =AP105*0.1 -> #DIV/0! | AQ106: =AQ105*0.1 -> #DIV/0! | AR106: =AR105*0.1 -> #DIV/0! | ... AV106: =AV105*0.1 -> #DIV/0!
AH109: 5.) FIRST PASS Yield - Percentage(Total) | AJ109: 45352 | AK109: 45383 | AL109: 45413 | AM109: 45444 | AN109: 45474 | AO109: 45505 | AP109: 45536 | AQ109: 45566 | AR109: 45597 | AS109: 45627 | AT109: 45658 | AU109: 45689 | AV109: 45717
AH110: =(AV110-AJ110)/12 -> 1.6666667e-05 | AI110: Performance | AJ110: =$AV$113 -> 0.9975 | AK110: =AJ110+$AH$110 -> 0.99751667 | AL110: =AK110+$AH$110 -> 0.99753333 | AM110: =AL110+$AH$110 -> 0.99755 | AN110: =AM110+$AH$110 -> 0.99756667 | AO110: =AN110+$AH$110 -> 0.99758333 | AP110: =AO110+$AH$110 -> 0.9976 | AQ110: =AP110+$AH$110 -> 0.99761667 | AR110: =AQ110+$AH$110 -> 0.99763333 | ... AU110: =AT110+$AH$110 -> 0.99768333 | AV110: 0.9977
AH111: =(AV111-AJ111)/12 -> 1.3333333e-05 | AI111: Performance | AJ111: =$AV$113 -> 0.9975 | AK111: =AJ111+$AH$111 -> 0.99751333 | AL111: =AK111+$AH$111 -> 0.99752667 | AM111: =AL111+$AH$111 -> 0.99754 | AN111: =AM111+$AH$111 -> 0.99755333 | AO111: =AN111+$AH$111 -> 0.99756667 | AP111: =AO111+$AH$111 -> 0.99758 | AQ111: =AP111+$AH$111 -> 0.99759333 | AR111: =AQ111+$AH$111 -> 0.99760667 | ... AU111: =AT111+$AH$111 -> 0.99764667 | AV111: =AV110-(AV110-AV113)*0.2 -> 0.99766
AH112: =(AV112-AJ112)/12 -> 8.3333333e-06 | AI112: Performance | AJ112: =$AV$113 -> 0.9975 | AK112: =++AJ112+$AH$112 -> 0.99750833 | AL112: =++AK112+$AH$112 -> 0.99751667 | AM112: =++AL112+$AH$112 -> 0.997525 | AN112: =++AM112+$AH$112 -> 0.99753333 | AO112: =++AN112+$AH$112 -> 0.99754167 | AP112: =++AO112+$AH$112 -> 0.99755 | AQ112: =++AP112+$AH$112 -> 0.99755833 | AR112: =++AQ112+$AH$112 -> 0.99756667 | ... AU112: =++AT112+$AH$112 -> 0.99759167 | AV112: =AV110-(AV110-AV113)*0.5 -> 0.9976
AH113: =(AV113-AJ113)/12 -> 0 | AJ113: =$AV$113 -> 0.9975 | AK113: =$AV$113 -> 0.9975 | AL113: =$AV$113 -> 0.9975 | AM113: =$AV$113 -> 0.9975 | AN113: =$AV$113 -> 0.9975 | AO113: =$AV$113 -> 0.9975 | AP113: =$AV$113 -> 0.9975 | AQ113: =$AV$113 -> 0.9975 | ... AU113: =$AV$113 -> 0.9975 | AV113: 0.9975
AH114: Actual Performance | AK114: =AK115/AK116 -> 0.9977292 | AL114: =AL115/AL116 -> 0.99806114 | AM114: =AM115/AM116 -> 0.99755549 | AN114: =AN115/AN116 -> 0.99681238 | AO114: =AO115/AO116 -> 0.99770844 | AP114: =AP115/AP116 -> #DIV/0! | AQ114: =AQ115/AQ116 -> #DIV/0! | AR114: =AR115/AR116 -> #DIV/0! | ... AV114: =AV115/AV116 -> #DIV/0!
AH115: Output Qty | AK115: =AK101 -> 7580073 | AL115: =AL101 -> 13402481 | AM115: =AM101 -> 13326670 | AN115: =AN101 -> 12150159 | AO115: =AO101 -> 8365889 | AP115: =AP101 -> 0 | AQ115: =AQ101 -> 0 | AR115: =AR101 -> 0 | ... AV115: =AV101 -> 0
AH116: Input Qty | AK116: =AK102 -> 7597325 | AL116: =AL102 -> 13428517 | AM116: =AM102 -> 13359327 | AN116: =AN102 -> 12189013 | AO116: =AO102 -> 8385104 | AP116: =AP102 -> 0 | AQ116: =AQ102 -> 0 | AR116: =AR102 -> 0 | ... AV116: =AV102 -> 0
AH117: Achievement Rate | AK117: =(AK114-AK113)/(AK110-AK113) -> 13.752044 | AL117: =(AL114-AL113)/(AL110-AL113) -> 16.834232 | AM117: =(AM114-AM113)/(AM110-AM113) -> 1.1098126 | AN117: =(AN114-AN113)/(AN110-AN113) -> -10.314372 | AO117: =(AO114-AO113)/(AO110-AO113) -> 2.5012355 | AP117: =(AP114-AP113)/(AP110-AP113) -> #DIV/0! | AQ117: =(AQ114-AQ113)/(AQ110-AQ113) -> #DIV/0! | AR117: =(AR114-AR113)/(AR110-AR113) -> #DIV/0! | ... AV117: =(AV114-AV113)/(AV110-AV113) -> #DIV/0!
AH118: Achievement Rate (Conditional) | AK118: =IF(OR(AK117>=100%),100%,IF(OR(AK117<=0%),0%,AVERAGE(AK117))) -> 1 | AL118: =IF(OR(AL117>=100%),100%,IF(OR(AL117<=0%),0%,AVERAGE(AL117))) -> 1 | AM118: =IF(OR(AM117>=100%),100%,IF(OR(AM117<=0%),0%,AVERAGE(AM117))) -> 1 | AN118: =IF(OR(AN117>=100%),100%,IF(OR(AN117<=0%),0%,AVERAGE(AN117))) -> 0 | AO118: =IF(OR(AO117>=100%),100%,IF(OR(AO117<=0%),0%,AVERAGE(AO117))) -> 1 | AP118: =IF(OR(AP117>=100%),100%,IF(OR(AP117<=0%),0%,AVERAGE(AP117))) -> #DIV/0! | AQ118: =IF(OR(AQ117>=100%),100%,IF(OR(AQ117<=0%),0%,AVERAGE(AQ117))) -> #DIV/0! | AR118: =IF(OR(AR117>=100%),100%,IF(OR(AR117<=0%),0%,AVERAGE(AR117))) -> #DIV/0! | ... AV118: =IF(OR(AV117>=100%),100%,IF(OR(AV117<=0%),0%,AVERAGE(AV117))) -> #DIV/0!
AH119: WEIGHTED AVERAGE | AK119: =AK118*0.1 -> 0.1 | AL119: =AL118*0.1 -> 0.1 | AM119: =AM118*0.1 -> 0.1 | AN119: =AN118*0.1 -> 0 | AO119: =AO118*0.1 -> 0.1 | AP119: =AP118*0.1 -> #DIV/0! | AQ119: =AQ118*0.1 -> #DIV/0! | AR119: =AR118*0.1 -> #DIV/0! | ... AV119: =AV118*0.1 -> #DIV/0!
AH121: 6) FIRST PASS Yield - Dppm (Automotive) | AJ121: 45352 | AK121: 45383 | AL121: 45413 | AM121: 45444 | AN121: 45474 | AO121: 45505 | AP121: 45536 | AQ121: 45566 | AR121: 45597 | AS121: 45627 | AT121: 45658 | AU121: 45689 | AV121: 45717
AH122: =(AV122-AJ122)/12 -> -31.916667 | AI122: Performance | AJ122: =AV125 -> 2549 | AK122: =++AJ122+$AH$122 -> 2517.0833 | AL122: =++AK122+$AH$122 -> 2485.1667 | AM122: =++AL122+$AH$122 -> 2453.25 | AN122: =++AM122+$AH$122 -> 2421.3333 | AO122: =++AN122+$AH$122 -> 2389.4167 | AP122: =++AO122+$AH$122 -> 2357.5 | AQ122: =++AP122+$AH$122 -> 2325.5833 | AR122: =++AQ122+$AH$122 -> 2293.6667 | ... AU122: =++AT122+$AH$122 -> 2197.9167 | AV122: 2166
AH123: =(AV123-AJ123)/12 -> -25.533333 | AI123: Performance | AJ123: =AV125 -> 2549 | AK123: =++AJ123+$AH$123 -> 2523.4667 | AL123: =++AK123+$AH$123 -> 2497.9333 | AM123: =++AL123+$AH$123 -> 2472.4 | AN123: =++AM123+$AH$123 -> 2446.8667 | AO123: =++AN123+$AH$123 -> 2421.3333 | AP123: =++AO123+$AH$123 -> 2395.8 | AQ123: =++AP123+$AH$123 -> 2370.2667 | AR123: =++AQ123+$AH$123 -> 2344.7333 | ... AU123: =++AT123+$AH$123 -> 2268.1333 | AV123: =AV122-(AV122-AV125)*0.2 -> 2242.6
AH124: =(AV124-AJ124)/12 -> -15.958333 | AI124: Performance | AJ124: =AV125 -> 2549 | AK124: =++AJ124+$AH$124 -> 2533.0417 | AL124: =++AK124+$AH$124 -> 2517.0833 | AM124: =++AL124+$AH$124 -> 2501.125 | AN124: =++AM124+$AH$124 -> 2485.1667 | AO124: =++AN124+$AH$124 -> 2469.2083 | AP124: =++AO124+$AH$124 -> 2453.25 | AQ124: =++AP124+$AH$124 -> 2437.2917 | AR124: =++AQ124+$AH$124 -> 2421.3333 | ... AU124: =++AT124+$AH$124 -> 2373.4583 | AV124: =AV122-(AV122-AV125)*0.5 -> 2357.5
AH125: =(AV125-AJ125)/12 -> 0 | AJ125: =$AV$125 -> 2549 | AK125: =$AV$125 -> 2549 | AL125: =$AV$125 -> 2549 | AM125: =$AV$125 -> 2549 | AN125: =$AV$125 -> 2549 | AO125: =$AV$125 -> 2549 | AP125: =$AV$125 -> 2549 | AQ125: =$AV$125 -> 2549 | ... AU125: =$AV$125 -> 2549 | AV125: 2549
AH126: Actual Performance (Yield Dppm) | AK126: =AK130/AK129*1000000 -> 2041.6826 | AL126: =AL130/AL129*1000000 -> 1837.022 | AM126: =AM130/AM129*1000000 -> 249.39799 | AN126: =AN130/AN129*1000000 -> 273.93634 | AO126: =AO130/AO129*1000000 -> 421.64303 | AP126: =AP130/AP129*1000000 -> #DIV/0! | AQ126: =AQ130/AQ129*1000000 -> #DIV/0! | AR126: =AR130/AR129*1000000 -> #DIV/0! | ... AV126: =AV130/AV129*1000000 -> #DIV/0!
AH127: Actual Performance (% Yield) | AK127: =AK128/AK129 -> 0.99795499 | AL127: =AL128/AL129 -> 0.99816099 | AM127: =AM128/AM129 -> 0.99759817 | AN127: =AN128/AN129 -> 0.99673549 | AO127: =AO128/AO129 -> 0.99770372 | AP127: =AP128/AP129 -> #DIV/0! | AQ127: =AQ128/AQ129 -> #DIV/0! | AR127: =AR128/AR129 -> #DIV/0! | ... AV127: =AV128/AV129 -> #DIV/0!
AI128: Total OUTPUT | AK128: =CN!AK133+YF!AK88+TS!AG78+PPD!AI100 -> 5997459 | AL128: =CN!AL133+YF!AL88+TS!AH78+PPD!AJ100 -> 12038101 | AM128: =CN!AM133+YF!AM88+TS!AI78+PPD!AK100 -> 12016075 | AN128: =CN!AN133+YF!AN88+TS!AJ78+PPD!AL100 -> 10308058 | AO128: =CN!AO133+YF!AO88+TS!AK78+PPD!AM100 -> 6795808 | AP128: =CN!AP133+YF!AP115 -> 0 | AQ128: =CN!AQ133+YF!AQ115 -> 0 | AR128: =CN!AR133+YF!AR115 -> 0 | AS128: =CN!AS133+YF!AS115 -> 0 | AT128: =CN!AT133+YF!AT115 -> 0 | AU128: =CN!AU133+YF!AU115 -> 0 | AV128: =CN!AV133+YF!AV115 -> 0
AI129: Total INPUT | AK129: =CN!AK134+YF!AK89+TS!AG79+PPD!AI101 -> 6009749 | AL129: =CN!AL134+YF!AL89+TS!AH79+PPD!AJ101 -> 12060280 | AM129: =CN!AM134+YF!AM89+TS!AI79+PPD!AK101 -> 12045005 | AN129: =CN!AN134+YF!AN89+TS!AJ79+PPD!AL101 -> 10341819 | AO129: =CN!AO134+YF!AO89+TS!AK79+PPD!AM101 -> 6811449 | AP129: =CN!AP134+YF!AP116 -> 0 | AQ129: =CN!AQ134+YF!AQ116 -> 0 | AR129: =CN!AR134+YF!AR116 -> 0 | AS129: =CN!AS134+YF!AS116 -> 0 | AT129: =CN!AT134+YF!AT116 -> 0 | AU129: =CN!AU134+YF!AU116 -> 0 | AV129: =CN!AV134+YF!AV116 -> 0
AI130: TTL NG | AK130: =CN!AK135+YF!AK117+TS!AG80+PPD!AI102 -> 12270 | AL130: =CN!AL135+YF!AL117+TS!AH80+PPD!AJ102 -> 22155 | AM130: =CN!AM135+YF!AM117 -> 3004 | AN130: =CN!AN135+YF!AN117 -> 2833 | AO130: =CN!AO135+YF!AO117 -> 2872 | AP130: =CN!AP135+YF!AP117 -> 0 | AQ130: =CN!AQ135+YF!AQ117 -> 0 | AR130: =CN!AR135+YF!AR117 -> 0 | AS130: =CN!AS135+YF!AS117 -> 0 | AT130: =CN!AT135+YF!AT117 -> 0 | ... AV130: =CN!AV135+YF!AV117 -> 0
AH131: Achievement Rate | AK131: =(AK126-AK125)/(AK122-AK125) -> 15.895062 | AL131: =(AL126-AL125)/(AL122-AL125) -> 11.153702 | AM131: =(AM126-AM125)/(AM122-AM125) -> 24.016731 | AN131: =(AN126-AN125)/(AN122-AN125) -> 17.820342 | AO131: =(AO126-AO125)/(AO122-AO125) -> 13.330696 | AP131: =(AP126-AP125)/(AP122-AP125) -> #DIV/0! | AQ131: =(AQ126-AQ125)/(AQ122-AQ125) -> #DIV/0! | AR131: =(AR126-AR125)/(AR122-AR125) -> #DIV/0! | ... AV131: =(AV126-AV125)/(AV122-AV125) -> #DIV/0!
AH132: Achievement Rate (Conditional) | AK132: =IF(OR(AK131>=100%),100%,IF(OR(AK131<=0%),0%,AVERAGE(AK131))) -> 1 | AL132: =IF(OR(AL131>=100%),100%,IF(OR(AL131<=0%),0%,AVERAGE(AL131))) -> 1 | AM132: =IF(OR(AM131>=100%),100%,IF(OR(AM131<=0%),0%,AVERAGE(AM131))) -> 1 | AN132: =IF(OR(AN131>=100%),100%,IF(OR(AN131<=0%),0%,AVERAGE(AN131))) -> 1 | AO132: =IF(OR(AO131>=100%),100%,IF(OR(AO131<=0%),0%,AVERAGE(AO131))) -> 1 | AP132: =IF(OR(AP131>=100%),100%,IF(OR(AP131<=0%),0%,AVERAGE(AP131))) -> #DIV/0! | AQ132: =IF(OR(AQ131>=100%),100%,IF(OR(AQ131<=0%),0%,AVERAGE(AQ131))) -> #DIV/0! | AR132: =IF(OR(AR131>=100%),100%,IF(OR(AR131<=0%),0%,AVERAGE(AR131))) -> #DIV/0! | ... AV132: =IF(OR(AV131>=100%),100%,IF(OR(AV131<=0%),0%,AVERAGE(AV131))) -> #DIV/0!
AH133: WEIGHTED AVERAGE | AK133: =AK132*0.1 -> 0.1 | AL133: =AL132*0.1 -> 0.1 | AM133: =AM132*0.1 -> 0.1 | AN133: =AN132*0.1 -> 0.1 | AO133: =AO132*0.1 -> 0.1 | AP133: =AP132*0.1 -> #DIV/0! | AQ133: =AQ132*0.1 -> #DIV/0! | AR133: =AR132*0.1 -> #DIV/0! | ... AV133: =AV132*0.1 -> #DIV/0!
AH136: 7) FIRST PASS Yield - Percentage (Automotive) | AJ136: 45352 | AK136: 45383 | AL136: 45413 | AM136: 45444 | AN136: 45474 | AO136: 45505 | AP136: 45536 | AQ136: 45566 | AR136: 45597 | AS136: 45627 | AT136: 45658 | AU136: 45689 | AV136: 45717
AH137: =(AV137-AJ137)/12 -> 0.00019166667 | AI137: Performance | AJ137: =$AV$140 -> 0.9975 | AK137: =AJ137+$AH$110 -> 0.99751667 | AL137: =AK137+$AH$110 -> 0.99753333 | AM137: =AL137+$AH$110 -> 0.99755 | AN137: =AM137+$AH$110 -> 0.99756667 | AO137: =AN137+$AH$110 -> 0.99758333 | AP137: =AO137+$AH$110 -> 0.9976 | AQ137: =AP137+$AH$110 -> 0.99761667 | AR137: =AQ137+$AH$110 -> 0.99763333 | ... AU137: =AT137+$AH$110 -> 0.99768333 | AV137: 0.9998
AH138: =(AV138-AJ138)/12 -> 0.00015333333 | AI138: Performance | AJ138: =$AV$140 -> 0.9975 | AK138: =AJ138+$AH$111 -> 0.99751333 | AL138: =AK138+$AH$111 -> 0.99752667 | AM138: =AL138+$AH$111 -> 0.99754 | AN138: =AM138+$AH$111 -> 0.99755333 | AO138: =AN138+$AH$111 -> 0.99756667 | AP138: =AO138+$AH$111 -> 0.99758 | AQ138: =AP138+$AH$111 -> 0.99759333 | AR138: =AQ138+$AH$111 -> 0.99760667 | ... AU138: =AT138+$AH$111 -> 0.99764667 | AV138: =AV137-(AV137-AV140)*0.2 -> 0.99934
AH139: =(AV139-AJ139)/12 -> 9.5833333e-05 | AI139: Performance | AJ139: =$AV$140 -> 0.9975 | AK139: =++AJ139+$AH$112 -> 0.99750833 | AL139: =++AK139+$AH$112 -> 0.99751667 | AM139: =++AL139+$AH$112 -> 0.997525 | AN139: =++AM139+$AH$112 -> 0.99753333 | AO139: =++AN139+$AH$112 -> 0.99754167 | AP139: =++AO139+$AH$112 -> 0.99755 | AQ139: =++AP139+$AH$112 -> 0.99755833 | AR139: =++AQ139+$AH$112 -> 0.99756667 | ... AU139: =++AT139+$AH$112 -> 0.99759167 | AV139: =AV137-(AV137-AV140)*0.5 -> 0.99865
AH140: =(AV140-AJ140)/12 -> 0 | AJ140: =$AV$140 -> 0.9975 | AK140: =$AV$113 -> 0.9975 | AL140: =$AV$113 -> 0.9975 | AM140: =$AV$113 -> 0.9975 | AN140: =$AV$113 -> 0.9975 | AO140: =$AV$113 -> 0.9975 | AP140: =$AV$113 -> 0.9975 | AQ140: =$AV$113 -> 0.9975 | AR140: =$AV$113 -> 0.9975 | ... AU140: =$AV$113 -> 0.9975 | AV140: 0.9975
AH141: Actual Performance | AK141: =AK142/AK143 -> 0.99795499 | AL141: =AL142/AL143 -> 0.99816099 | AM141: =AM142/AM143 -> 0.99759817 | AN141: =AN142/AN143 -> 0.99673549 | AO141: =AO142/AO143 -> 0.99770372 | AP141: =AP142/AP143 -> #DIV/0! | AQ141: =AQ142/AQ143 -> #DIV/0! | AR141: =AR142/AR143 -> #DIV/0! | ... AV141: =AV142/AV143 -> #DIV/0!
AH142: Output Qty | AK142: =AK128 -> 5997459 | AL142: =AL128 -> 12038101 | AM142: =AM128 -> 12016075 | AN142: =AN128 -> 10308058 | AO142: =AO128 -> 6795808 | AP142: =AP128 -> 0 | AQ142: =AQ128 -> 0 | AR142: =AR128 -> 0 | ... AV142: =AV128 -> 0
AH143: Input Qty | AK143: =AK129 -> 6009749 | AL143: =AL129 -> 12060280 | AM143: =AM129 -> 12045005 | AN143: =AN129 -> 10341819 | AO143: =AO129 -> 6811449 | AP143: =AP129 -> 0 | AQ143: =AQ129 -> 0 | AR143: =AR129 -> 0 | ... AV143: =AV129 -> 0
AH144: Achievement Rate | AK144: =(AK141-AK140)/(AK137-AK140) -> 27.299368 | AL144: =(AL141-AL140)/(AL137-AL140) -> 19.829639 | AM144: =(AM141-AM140)/(AM137-AM140) -> 1.9634903 | AN144: =(AN141-AN140)/(AN137-AN140) -> -11.467691 | AO144: =(AO141-AO140)/(AO137-AO140) -> 2.4446296 | AP144: =(AP141-AP140)/(AP137-AP140) -> #DIV/0! | AQ144: =(AQ141-AQ140)/(AQ137-AQ140) -> #DIV/0! | AR144: =(AR141-AR140)/(AR137-AR140) -> #DIV/0! | ... AV144: =(AV141-AV140)/(AV137-AV140) -> #DIV/0!
AH145: Achievement Rate (Conditional) | AK145: 1 | AL145: =IF(OR(AL144>=100%),100%,IF(OR(AL144<=0%),0%,AVERAGE(AL144))) -> 1 | AM145: =IF(OR(AM144>=100%),100%,IF(OR(AM144<=0%),0%,AVERAGE(AM144))) -> 1 | AN145: =IF(OR(AN144>=100%),100%,IF(OR(AN144<=0%),0%,AVERAGE(AN144))) -> 0 | AO145: =IF(OR(AO144>=100%),100%,IF(OR(AO144<=0%),0%,AVERAGE(AO144))) -> 1 | AP145: =IF(OR(AP144>=100%),100%,IF(OR(AP144<=0%),0%,AVERAGE(AP144))) -> #DIV/0! | AQ145: =IF(OR(AQ144>=100%),100%,IF(OR(AQ144<=0%),0%,AVERAGE(AQ144))) -> #DIV/0! | AR145: =IF(OR(AR144>=100%),100%,IF(OR(AR144<=0%),0%,AVERAGE(AR144))) -> #DIV/0! | AS145: =IF(OR(AS144>=100%),100%,IF(OR(AS144<=0%),0%,AVERAGE(AS144))) -> #DIV/0! | ... AV145: =IF(OR(AV144>=100%),100%,IF(OR(AV144<=0%),0%,AVERAGE(AV144))) -> #DIV/0!
AH146: WEIGHTED AVERAGE | AK146: =AK145*0.1 -> 0.1 | AL146: =AL145*0.1 -> 0.1 | AM146: =AM145*0.1 -> 0.1 | AN146: =AN145*0.1 -> 0 | AO146: =AO145*0.1 -> 0.1 | AP146: =AP145*0.1 -> #DIV/0! | AQ146: =AQ145*0.1 -> #DIV/0! | AR146: =AR145*0.1 -> #DIV/0! | ... AV146: =AV145*0.1 -> #DIV/0!
AH148: Actual loss cost | AK148: =TS!AG99+CN!AK153+YF!AK135+PPD!AI121 -> 6.82992 | AL148: =TS!AH99+CN!AL153+YF!AL135+PPD!AJ121 -> 9.96 | AM148: =TS!AI99+CN!AM153+YF!AM135+PPD!AK121 -> 5.58797 | AN148: =TS!AJ99+CN!AN153+YF!AN135+PPD!AL121 -> 7.5682 | AO148: =TS!AK99+CN!AO153+YF!AO135+PPD!AM121 -> 7.96112 | AP148: =TS!AL99+CN!AP153+YF!AP135+PPD!AN121 -> 0 | AQ148: =TS!AM99+CN!AQ153+YF!AQ135+PPD!AO121 -> 0 | AR148: =TS!AN99+CN!AR153+YF!AR135+PPD!AP121 -> 0 | ... AV148: =TS!AR99+CN!AV153+YF!AV135+PPD!AT121 -> 0
AH151: 8) Loss Cost Ratio to Sales | AJ151: 45352 | AK151: 45383 | AL151: 45413 | AM151: 45444 | AN151: 45474 | AO151: 45505 | AP151: 45536 | AQ151: 45566 | AR151: 45597 | AS151: 45627 | AT151: 45658 | AU151: 45689 | AV151: 45717
...

Sheet TS
A2: =AK141 -> 0.31788715 | B2: Action Plan | E2: Division / Section: | I2: TS | R2: Ref. No.: | X2: Approved (sign)
B3: Theme | E3: Responsible Person | I3: Team Members | R3: Date Prepared: | T3: 45545 | X3: ESM/EAN/RNS
A4: Key 11 | B4: Quality Assurance System | E4: Armida Monsanto | I4: Kris Poblete, Armida Monsanto, Judith Cataya, Abigail Guttierez, Rai Inocencio, Rose Jewel Bates, Abigail Gutierrez, Joyce Sustento | R4: Approval: | T4: MMM
A5: Aiming for Improvement | B5: Slogan | E5: Area | I5: Objective | R5: Evaluation Factor Customer Claim | T5: Evaluation Factor First Pass Yield / Dppm | V5: Evaluation Factor OQC LAR / Dppm | X5: Evaluation Factor Loss Cost Ratio to Sales
B6: Let's apply QA system on countermeasures at the source | E6: TS | I6: <> Boost Efficiency and Quality with Higher YIELD / Lower DPPM for Better Performance | R6: FY23 | S6: FY 24Tgt | T6: FY23 | U6: FY 24Tgt | V6: FY23 | W6: FY 24Tgt | X6: FY23 | Y6: FY 24Tgt
I7: <> Enhance Outgoing LAR while Decreasing DPPM | R7: Class A 2 | S7: Class A 1 | T7: 0.9993 | U7: 0.9994 | V7: 0.9997 | W7: 0.9997 | X7: 0.001 | Y7: 0.001
I8: <> Customer Satisfaction Enhancement: Minimizing Customer’s Complaints
I9: <> Attainment of Company-Wide Loss Cost Ratio to Sales Goal
R10: Class B/C 0 | S10: Class B/C 1 | T10: 668 | U10: 574 | V10: 5 | W10: 3.5
A13: No | B13: Actions | E13: Person | F13: Apr | G13: May | H13: Jun | I13: Jul | J13: Aug | K13: Sep | L13: Oct | M13: Nov | N13: Dec | O13: Jan | P13: Feb | Q13: Mar | R13: Follow-up by Responsible Person | X13: Comments from Manager
A14: 1 | B14: Prevention of wear and tear for machine critical parts >Implement control and safety level of critical machine parts >Review all machine pre-production check sheets and collaborate with YEC to determine important check points. | E14: DLT / MMM / RDM | R14: April 2024 Armida M. | S14: - Start to implement all action plans based on the set target (reference: FY2024 plans and program). - To check and monitor all actions taken on lot out off target. | X14: April 2024 MMM | Y14: Monitor implementation of generated strategies and actions plans related to quality improvement
A15: 2 | B15: HVT and MPC Machine Modernization >Review all machine pre-production check sheets and collaborate with YEC to determine important check points. | E15: DLT / TS ENGRS | R15: May 2024 Armida M. | S15: - Strictly monitor the implementation of actions taken on all off target evaluation factors. | X15: May 2024 MMM | Y15: Close monitoring shall be conducted to ensure the consistency in implementation of generated actions for OQC lot-out.
A16: 3 | B16: Enhance the certification & training record of Visual Inspectors >Implement interactive way of validation process. >Provide skill map/matrix to easily determine visual inspector current skill. | E16: RDM / KRIS / TRAINERS / HRS / ISS | R16: June 2024 Armida M. | S16: - Check and monitor the consistency on derived actions and improvements on all off target evaluation factors. | X16: June 2024 Armida M. | Y16: - Check and monitor the consistency on derived actions and improvements on all off target evaluation factors.
R17: July 2024 Armida M. | S17: - Continuous monitoring on the consistency and implementation of all generated actions to all off target evaluation factors. | X17: July 2024 MMM | Y17: Close monitoring shall be conducted to ensure the consistency in implementation of generated actions for OQC lot-out.
R18: August 2024 Armida M. | S18: - Strictly monitor the implementation of lot-out & external claim CAPA to improve the total quality performance. | X18: August 2024 MMM | Y18: Ensure the consistent implementation of all generated actions and programs for quality improvement
AF41: Pink cell should be updated
AD42: TS Section
AD43: 1.) Customer Claim (Class A) | AF43: 45352 | AG43: 45383 | AH43: 45413 | AI43: 45444 | AJ43: 45474 | AK43: 45505 | AL43: 45536 | AM43: 45566 | AN43: 45597 | AO43: 45627 | AP43: 45658 | AQ43: 45689 | AR43: 45717
AD44: =(AR44-AF44)/12 -> 0 | AF44: =AR44 -> 2 | AG44: 2 | AH44: =AG44+$AD$44 -> 2 | AI44: =AH44+$AD$44 -> 2 | AJ44: =AI44+$AD$44 -> 2 | AK44: =AJ44+$AD$44 -> 2 | AL44: =AK44+$AD$44 -> 2 | AM44: =AL44+$AD$44 -> 2 | AN44: =AM44+$AD$44 -> 2 | AO44: =AN44+$AD$44 -> 2 | ... AQ44: =AP44+$AD$44 -> 2 | AR44: 2
AD45: =(AR45-AF45)/12 -> 0 | AE45: Performance | AF45: =AR44 -> 2 | AG45: 2 | AH45: =AG45+$AD$45 -> 2 | AI45: =AH45+$AD$45 -> 2 | AJ45: =AI45+$AD$45 -> 2 | AK45: =AJ45+$AD$45 -> 2 | AL45: =AK45+$AD$45 -> 2 | AM45: =AL45+$AD$45 -> 2 | AN45: =AM45+$AD$45 -> 2 | AO45: =AN45+$AD$45 -> 2 | ... AQ45: =AP45+$AD$45 -> 2 | AR45: =AR44-(AR44-AR47)*0.5 -> 2
AD46: =(AR46-AF46)/12 -> 0 | AE46: Performance | AF46: =AR44 -> 2 | AG46: 2 | AH46: =AG46+$AD$46 -> 2 | AI46: =AH46+$AD$46 -> 2 | AJ46: =AI46+$AD$46 -> 2 | AK46: =AJ46+$AD$46 -> 2 | AL46: =AK46+$AD$46 -> 2 | AM46: =AL46+$AD$46 -> 2 | AN46: =AM46+$AD$46 -> 2 | AO46: =AN46+$AD$46 -> 2 | ... AQ46: =AP46+$AD$46 -> 2 | AR46: =AR44-(AR44-AR47)*0.8 -> 2
AD47: =(AR47-AF47)/12 -> 0 | AE47: Performance | AF47: =AR44 -> 2 | AG47: 2 | AH47: =AG47+$AD$47 -> 2 | AI47: =AH47+$AD$47 -> 2 | AJ47: =AI47+$AD$47 -> 2 | AK47: =AJ47+$AD$47 -> 2 | AL47: =AK47+$AD$47 -> 2 | AM47: =AL47+$AD$47 -> 2 | AN47: =AM47+$AD$47 -> 2 | AO47: =AN47+$AD$47 -> 2 | ... AQ47: =AP47+$AD$47 -> 2 | AR47: 2
AD48: Accum. Actual Performance | AG48: 0 | AH48: =AG48+AH50 -> 0 | AI48: =AH48+AI50 -> 0 | AJ48: =AI48+AJ50 -> 1 | AK48: =AJ48+AK50 -> 1 | AL48: =AK48+AL50 -> 1 | AM48: =AL48+AM50 -> 1 | AN48: =AM48+AN50 -> 1 | AO48: =AN48+AO50 -> 1 | ... AR48: =AQ48+AR50 -> 1
AD50: Actual Performance | AG50: 0 | AH50: 0 | AI50: 0 | AJ50: 1 | AK50: 0
AG51: 0 | AH51: =AH50 -> 0 | AI51: =AI50 -> 0 | AJ51: =AJ50 -> 1 | AK51: =AK50 -> 0 | AL51: =AL50 -> 0 | AM51: =AM50 -> 0 | AN51: =AN50 -> 0 | AO51: =AO50 -> 0 | ... AR51: =AR50 -> 0
AD52: Achievement Rate | AG52: 1 | AH52: 1 | AI52: 1 | AJ52: =(AJ44-AJ48)/(AJ44-AJ47) -> #DIV/0! | AK52: =(AK44-AK48)/(AK44-AK47) -> #DIV/0! | AL52: =(AL44-AL48)/(AL44-AL47) -> #DIV/0! | AM52: =(AM44-AM48)/(AM44-AM47) -> #DIV/0! | AN52: =(AN44-AN48)/(AN44-AN47) -> #DIV/0! | AO52: =(AO44-AO48)/(AO44-AO47) -> #DIV/0! | AP52: =(AP44-AP48)/(AP44-AP47) -> #DIV/0! | AQ52: =(AQ44-AQ48)/(AQ44-AQ47) -> #DIV/0! | AR52: =(AR44-AR48)/(AR44-AR47) -> #DIV/0!
AD53: Achievement Rate (Conditional) | AG53: 1 | AH53: 1 | AI53: =IF(OR(AI52>=100%),100%,IF(OR(AI52<=0%),0%,AVERAGE(AI52))) -> 1 | AJ53: 1 | AK53: 0 | AL53: =IF(OR(AL52>=100%),100%,IF(OR(AL52<=0%),0%,AVERAGE(AL52))) -> #DIV/0! | AM53: =IF(OR(AM52>=100%),100%,IF(OR(AM52<=0%),0%,AVERAGE(AM52))) -> #DIV/0! | AN53: =IF(OR(AN52>=100%),100%,IF(OR(AN52<=0%),0%,AVERAGE(AN52))) -> #DIV/0! | AO53: =IF(OR(AO52>=100%),100%,IF(OR(AO52<=0%),0%,AVERAGE(AO52))) -> #DIV/0! | AP53: =IF(OR(AP52>=100%),100%,IF(OR(AP52<=0%),0%,AVERAGE(AP52))) -> #DIV/0! | AQ53: =IF(OR(AQ52>=100%),100%,IF(OR(AQ52<=0%),0%,AVERAGE(AQ52))) -> #DIV/0! | AR53: =IF(OR(AR52>=100%),100%,IF(OR(AR52<=0%),0%,AVERAGE(AR52))) -> #DIV/0!
AD54: WEIGHTED AVERAGE | AG54: =AG53*0.05 -> 0.05 | AH54: =AH53*0.05 -> 0.05 | AI54: =AI53*0.05 -> 0.05 | AJ54: =AJ53*0.05 -> 0.05 | AK54: =AK53*0.05 -> 0 | AL54: =AL53*0.05 -> #DIV/0! | AM54: =AM53*0.05 -> #DIV/0! | AN54: =AN53*0.05 -> #DIV/0! | ... AR54: =AR53*0.05 -> #DIV/0!
AD57: 2) Customer Claim (Class B/C) | AF57: 45352 | AG57: 45383 | AH57: 45413 | AI57: 45444 | AJ57: 45474 | AK57: 45505 | AL57: 45536 | AM57: 45566 | AN57: 45597 | AO57: 45627 | AP57: 45658 | AQ57: 45689 | AR57: 45717
AD58: =(AR58-AF58)/12 -> 0 | AF58: =AR58 -> 0 | AG58: 0 | AH58: =AG58+$AD$58 -> 0 | AI58: =AH58+$AD$58 -> 0 | AJ58: =AI58+$AD$58 -> 0 | AK58: =AJ58+$AD$58 -> 0 | AL58: =AK58+$AD$58 -> 0 | AM58: =AL58+$AD$58 -> 0 | AN58: =AM58+$AD$58 -> 0 | AO58: =AN58+$AD$58 -> 0 | ... AQ58: =AP58+$AD$58 -> 0 | AR58: 0
AD59: =(AR59-AF59)/12 -> 0.041666667 | AE59: Performance | AF59: =AR58 -> 0 | AG59: 0.041666667 | AH59: =AG59+$AD$59 -> 0.083333333 | AI59: =AH59+$AD$59 -> 0.125 | AJ59: =AI59+$AD$59 -> 0.16666667 | AK59: =AJ59+$AD$59 -> 0.20833333 | AL59: =AK59+$AD$59 -> 0.25 | AM59: =AL59+$AD$59 -> 0.29166667 | AN59: =AM59+$AD$59 -> 0.33333333 | AO59: =AN59+$AD$59 -> 0.375 | ... AQ59: =AP59+$AD$59 -> 0.45833333 | AR59: =AR58-(AR58-AR61)*0.5 -> 0.5
AD60: =(AR60-AF60)/12 -> 0.066666667 | AE60: Performance | AF60: =AR58 -> 0 | AG60: 0.066666667 | AH60: =AG60+$AD$60 -> 0.13333333 | AI60: =AH60+$AD$60 -> 0.2 | AJ60: =AI60+$AD$60 -> 0.26666667 | AK60: =AJ60+$AD$60 -> 0.33333333 | AL60: =AK60+$AD$60 -> 0.4 | AM60: =AL60+$AD$60 -> 0.46666667 | AN60: =AM60+$AD$60 -> 0.53333333 | AO60: =AN60+$AD$60 -> 0.6 | ... AQ60: =AP60+$AD$60 -> 0.73333333 | AR60: =AR58-(AR58-AR61)*0.8 -> 0.8
AD61: =(AR61-AF61)/12 -> 0.083333333 | AE61: Performance | AF61: =AR58 -> 0 | AG61: 0.083333333 | AH61: =AG61+$AD$61 -> 0.16666667 | AI61: =AH61+$AD$61 -> 0.25 | AJ61: =AI61+$AD$61 -> 0.33333333 | AK61: =AJ61+$AD$61 -> 0.41666667 | AL61: =AK61+$AD$61 -> 0.5 | AM61: =AL61+$AD$61 -> 0.58333333 | AN61: =AM61+$AD$61 -> 0.66666667 | AO61: =AN61+$AD$61 -> 0.75 | ... AQ61: =AP61+$AD$61 -> 0.91666667 | AR61: 1
AD62: Accum. Actual Performance | AG62: 0 | AH62: =AG62+AH64 -> 0 | AI62: =AH62+AI64 -> 0 | AJ62: =AI62+AJ64 -> 0 | AK62: =AJ62+AK64 -> 0 | AL62: =AK62+AL64 -> 0 | AM62: =AL62+AM64 -> 0 | AN62: =AM62+AN64 -> 0 | AO62: =AN62+AO64 -> 0 | ... AR62: =AQ62+AR64 -> 0
AD64: Actual Performance | AG64: 0 | AH64: 0 | AI64: 0 | AJ64: 0 | AK64: 0
AG65: 0 | AH65: =AH64 -> 0 | AI65: =AI64 -> 0 | AJ65: =AJ64 -> 0 | AK65: =AK64 -> 0 | AL65: =AL64 -> 0 | AM65: =AM64 -> 0 | AN65: =AN64 -> 0 | AO65: =AO64 -> 0 | ... AR65: =AR64 -> 0
AD66: Achievement Rate | AG66: =(AG58-AG62)/(AG58-AG61) -> 0 | AH66: =(AH58-AH62)/(AH58-AH61) -> 0 | AI66: =(AI58-AI62)/(AI58-AI61) -> 0 | AJ66: =(AJ58-AJ62)/(AJ58-AJ61) -> 0 | AK66: =(AK58-AK62)/(AK58-AK61) -> 0 | AL66: =(AL58-AL62)/(AL58-AL61) -> 0 | AM66: =(AM58-AM62)/(AM58-AM61) -> 0 | AN66: =(AN58-AN62)/(AN58-AN61) -> 0 | ... AR66: =(AR58-AR62)/(AR58-AR61) -> 0
AD67: Achievement Rate (Conditional) | AG67: 1 | AH67: 1 | AI67: 1 | AJ67: 1 | AK67: 1 | AL67: =IF(OR(AL66>=100%),100%,IF(OR(AL66<=0%),0%,AVERAGE(AL66))) -> 0 | AM67: =IF(OR(AM66>=100%),100%,IF(OR(AM66<=0%),0%,AVERAGE(AM66))) -> 0 | AN67: =IF(OR(AN66>=100%),100%,IF(OR(AN66<=0%),0%,AVERAGE(AN66))) -> 0 | AO67: =IF(OR(AO66>=100%),100%,IF(OR(AO66<=0%),0%,AVERAGE(AO66))) -> 0 | AP67: =IF(OR(AP66>=100%),100%,IF(OR(AP66<=0%),0%,AVERAGE(AP66))) -> 0 | AQ67: =IF(OR(AQ66>=100%),100%,IF(OR(AQ66<=0%),0%,AVERAGE(AQ66))) -> 0 | AR67: =IF(OR(AR66>=100%),100%,IF(OR(AR66<=0%),0%,AVERAGE(AR66))) -> 0
AD68: WEIGHTED AVERAGE | AG68: =AG67*0.05 -> 0.05 | AH68: =AH67*0.05 -> 0.05 | AI68: =AI67*0.05 -> 0.05 | AJ68: =AJ67*0.05 -> 0.05 | AK68: =AK67*0.05 -> 0.05 | AL68: =AL67*0.05 -> 0 | AM68: =AM67*0.05 -> 0 | AN68: =AN67*0.05 -> 0 | ... AR68: =AR67*0.05 -> 0
AD71: 3.) FIRST PASS Yield - Dppm | AF71: 45352 | AG71: 45383 | AH71: 45413 | AI71: 45444 | AJ71: 45474 | AK71: 45505 | AL71: 45536 | AM71: 45566 | AN71: 45597 | AO71: 45627 | AP71: 45658 | AQ71: 45689 | AR71: 45717
AD72: =(AR72-AF72)/12 -> -7.8333333 | AE72: Performance | AF72: =AR75 -> 668 | AG72: 660.16667 | AH72: =++AG72+$AD$72 -> 652.33333 | AI72: =++AH72+$AD$72 -> 644.5 | AJ72: =++AI72+$AD$72 -> 636.66667 | AK72: =++AJ72+$AD$72 -> 628.83333 | AL72: =++AK72+$AD$72 -> 621 | AM72: =++AL72+$AD$72 -> 613.16667 | AN72: =++AM72+$AD$72 -> 605.33333 | AO72: =++AN72+$AD$72 -> 597.5 | ... AQ72: =++AP72+$AD$72 -> 581.83333 | AR72: 574
AD73: =(AR73-AF73)/12 -> -6.2666667 | AE73: Performance | AF73: =AR75 -> 668 | AG73: 661.73333 | AH73: =++AG73+$AD$73 -> 655.46667 | AI73: =++AH73+$AD$73 -> 649.2 | AJ73: =++AI73+$AD$73 -> 642.93333 | AK73: =++AJ73+$AD$73 -> 636.66667 | AL73: =++AK73+$AD$73 -> 630.4 | AM73: =++AL73+$AD$73 -> 624.13333 | AN73: =++AM73+$AD$73 -> 617.86667 | AO73: =++AN73+$AD$73 -> 611.6 | ... AQ73: =++AP73+$AD$73 -> 599.06667 | AR73: =AR72-(AR72-AR75)*0.2 -> 592.8
AD74: =(AR74-AF74)/12 -> -3.9166667 | AE74: Performance | AF74: =AR75 -> 668 | AG74: 664.08333 | AH74: =++AG74+$AD$74 -> 660.16667 | AI74: =++AH74+$AD$74 -> 656.25 | AJ74: =++AI74+$AD$74 -> 652.33333 | AK74: =++AJ74+$AD$74 -> 648.41667 | AL74: =++AK74+$AD$74 -> 644.5 | AM74: =++AL74+$AD$74 -> 640.58333 | AN74: =++AM74+$AD$74 -> 636.66667 | AO74: =++AN74+$AD$74 -> 632.75 | ... AQ74: =++AP74+$AD$74 -> 624.91667 | AR74: =AR72-(AR72-AR75)*0.5 -> 621
AD75: =(AR75-AF75)/12 -> 0 | AF75: =$AR$75 -> 668 | AG75: 668 | AH75: =$AR$75 -> 668 | AI75: =$AR$75 -> 668 | AJ75: =$AR$75 -> 668 | AK75: =$AR$75 -> 668 | AL75: =$AR$75 -> 668 | AM75: =$AR$75 -> 668 | AN75: =$AR$75 -> 668 | AO75: =$AR$75 -> 668 | ... AQ75: =$AR$75 -> 668 | AR75: 668
AD76: Actual Performance (Yield Dppm) | AG76: 643.1407 | AH76: =AH80/AH79*1000000 -> 1113.2056 | AI76: =AI80/AI79*1000000 -> 997.35985 | AJ76: =AJ80/AJ79*1000000 -> 1006.7217 | AK76: =AK80/AK79*1000000 -> 925.59829 | AL76: =AL80/AL79*1000000 -> #DIV/0! | AM76: =AM80/AM79*1000000 -> #DIV/0! | AN76: =AN80/AN79*1000000 -> #DIV/0! | AO76: =AO80/AO79*1000000 -> #DIV/0! | ... AR76: =AR80/AR79*1000000 -> #DIV/0!
AD77: Actual Performance (% Yield) | AG77: 0.99935686 | AH77: =AH78/AH79 -> 0.99888679 | AI77: =AI78/AI79 -> 0.99900264 | AJ77: =AJ78/AJ79 -> 0.99899328 | AK77: =AK78/AK79 -> 0.9990744 | AL77: =AL78/AL79 -> #DIV/0! | AM77: =AM78/AM79 -> #DIV/0! | AN77: =AN78/AN79 -> #DIV/0! | AO77: =AO78/AO79 -> #DIV/0! | ... AR77: =AR78/AR79 -> #DIV/0!
AE78: Total OUTPUT | AG78: 405560 | AH78: 526719 | AI78: 752237 | AJ78: 1169949 | AK78: 536453
AE79: Total INPUT | AG79: 405821 | AH79: 527306 | AI79: 752988 | AJ79: 1171128 | AK79: 536950
AE80: TTL NG | AG80: 261 | AH80: 587 | AI80: 751 | AJ80: 1179 | AK80: 497
AD81: Achievement Rate | AG81: 3.1735283 | AH81: =(AH76-AH75)/(AH72-AH75) -> -28.41738 | AI81: =(AI76-AI75)/(AI72-AI75) -> -14.015313 | AJ81: =(AJ76-AJ75)/(AJ72-AJ75) -> -10.810268 | AK81: =(AK76-AK75)/(AK72-AK75) -> -6.5769775 | AL81: =(AL76-AL75)/(AL72-AL75) -> #DIV/0! | AM81: =(AM76-AM75)/(AM72-AM75) -> #DIV/0! | AN81: =(AN76-AN75)/(AN72-AN75) -> #DIV/0! | AO81: =(AO76-AO75)/(AO72-AO75) -> #DIV/0! | ... AR81: =(AR76-AR75)/(AR72-AR75) -> #DIV/0!
AD82: Achievement Rate (Conditional) | AG82: 1 | AH82: =IF(OR(AH81>=100%),100%,IF(OR(AH81<=0%),0%,AVERAGE(AH81))) -> 0 | AI82: =IF(OR(AI81>=100%),100%,IF(OR(AI81<=0%),0%,AVERAGE(AI81))) -> 0 | AJ82: =IF(OR(AJ81>=100%),100%,IF(OR(AJ81<=0%),0%,AVERAGE(AJ81))) -> 0 | AK82: =IF(OR(AK81>=100%),100%,IF(OR(AK81<=0%),0%,AVERAGE(AK81))) -> 0 | AL82: =IF(OR(AL81>=100%),100%,IF(OR(AL81<=0%),0%,AVERAGE(AL81))) -> #DIV/0! | AM82: =IF(OR(AM81>=100%),100%,IF(OR(AM81<=0%),0%,AVERAGE(AM81))) -> #DIV/0! | AN82: =IF(OR(AN81>=100%),100%,IF(OR(AN81<=0%),0%,AVERAGE(AN81))) -> #DIV/0! | AO82: =IF(OR(AO81>=100%),100%,IF(OR(AO81<=0%),0%,AVERAGE(AO81))) -> #DIV/0! | ... AR82: =IF(OR(AR81>=100%),100%,IF(OR(AR81<=0%),0%,AVERAGE(AR81))) -> #DIV/0!
AD83: WEIGHTED AVERAGE | AG83: 0.2 | AH83: =AH82*0.2 -> 0 | AI83: =AI82*0.2 -> 0 | AJ83: =AJ82*0.2 -> 0 | AK83: =AK82*0.2 -> 0 | AL83: =AL82*0.2 -> #DIV/0! | AM83: =AM82*0.2 -> #DIV/0! | AN83: =AN82*0.2 -> #DIV/0! | AO83: =AO82*0.2 -> #DIV/0! | ... AR83: =AR82*0.2 -> #DIV/0!
AD86: 4.) FIRST PASS Yield - Percentage | AF86: 45352 | AG86: 45383 | AH86: 45413 | AI86: 45444 | AJ86: 45474 | AK86: 45505 | AL86: 45536 | AM86: 45566 | AN86: 45597 | AO86: 45627 | AP86: 45658 | AQ86: 45689 | AR86: 45717
AD87: =(AR87-AF87)/12 -> 8.3333333e-06 | AE87: Performance | AF87: =$AR$90 -> 0.9993 | AG87: 0.99930833 | AH87: =AG87+$AD$87 -> 0.99931667 | AI87: =AH87+$AD$87 -> 0.999325 | AJ87: =AI87+$AD$87 -> 0.99933333 | AK87: =AJ87+$AD$87 -> 0.99934167 | AL87: =AK87+$AD$87 -> 0.99935 | AM87: =AL87+$AD$87 -> 0.99935833 | AN87: =AM87+$AD$87 -> 0.99936667 | AO87: =AN87+$AD$87 -> 0.999375 | ... AQ87: =AP87+$AD$87 -> 0.99939167 | AR87: 0.9994
AD88: =(AR88-AF88)/12 -> 6.6666667e-06 | AE88: Performance | AF88: =$AR$90 -> 0.9993 | AG88: 0.99930667 | AH88: =AG88+$AD$88 -> 0.99931333 | AI88: =AH88+$AD$88 -> 0.99932 | AJ88: =AI88+$AD$88 -> 0.99932667 | AK88: =AJ88+$AD$88 -> 0.99933333 | AL88: =AK88+$AD$88 -> 0.99934 | AM88: =AL88+$AD$88 -> 0.99934667 | AN88: =AM88+$AD$88 -> 0.99935333 | AO88: =AN88+$AD$88 -> 0.99936 | ... AQ88: =AP88+$AD$88 -> 0.99937333 | AR88: =AR87-(AR87-AR90)*0.2 -> 0.99938
AD89: =(AR89-AF89)/12 -> 4.1666667e-06 | AE89: Performance | AF89: =$AR$90 -> 0.9993 | AG89: 0.99930417 | AH89: =++AG89+$AD$89 -> 0.99930833 | AI89: =++AH89+$AD$89 -> 0.9993125 | AJ89: =++AI89+$AD$89 -> 0.99931667 | AK89: =++AJ89+$AD$89 -> 0.99932083 | AL89: =++AK89+$AD$89 -> 0.999325 | AM89: =++AL89+$AD$89 -> 0.99932917 | AN89: =++AM89+$AD$89 -> 0.99933333 | AO89: =++AN89+$AD$89 -> 0.9993375 | ... AQ89: =++AP89+$AD$89 -> 0.99934583 | AR89: =AR87-(AR87-AR90)*0.5 -> 0.99935
AD90: =(AR90-AF90)/12 -> 0 | AF90: =$AR$90 -> 0.9993 | AG90: 0.9993 | AH90: =$AR$90 -> 0.9993 | AI90: =$AR$90 -> 0.9993 | AJ90: =$AR$90 -> 0.9993 | AK90: =$AR$90 -> 0.9993 | AL90: =$AR$90 -> 0.9993 | AM90: =$AR$90 -> 0.9993 | AN90: =$AR$90 -> 0.9993 | AO90: =$AR$90 -> 0.9993 | ... AQ90: =$AR$90 -> 0.9993 | AR90: 0.9993
AD91: Actual Performance | AG91: 0.99935686 | AH91: =AH92/AH93 -> 0.99888679 | AI91: =AI92/AI93 -> 0.99900264 | AJ91: =AJ92/AJ93 -> 0.99899328 | AK91: =AK92/AK93 -> 0.9990744 | AL91: =AL92/AL93 -> #DIV/0! | AM91: =AM92/AM93 -> #DIV/0! | AN91: =AN92/AN93 -> #DIV/0! | AO91: =AO92/AO93 -> #DIV/0! | ... AR91: =AR92/AR93 -> #DIV/0!
AD92: Output Qty | AG92: 405560 | AH92: =AH78 -> 526719 | AI92: =AI78 -> 752237 | AJ92: =AJ78 -> 1169949 | AK92: =AK78 -> 536453 | AL92: =AL78 -> 0 | AM92: =AM78 -> 0 | AN92: =AN78 -> 0 | AO92: =AO78 -> 0 | ... AR92: =AR78 -> 0
AD93: Input Qty | AG93: 405821 | AH93: =AH79 -> 527306 | AI93: =AI79 -> 752988 | AJ93: =AJ79 -> 1171128 | AK93: =AK79 -> 536950 | AL93: =AL79 -> 0 | AM93: =AM79 -> 0 | AN93: =AN79 -> 0 | AO93: =AO79 -> 0 | ... AR93: =AR79 -> 0
AD94: Achievement Rate | AG94: 6.8231166 | AH94: =(AH91-AH90)/(AH87-AH90) -> -24.792337 | AI94: =(AI91-AI90)/(AI87-AI90) -> -11.894394 | AJ94: =(AJ91-AJ90)/(AJ87-AJ90) -> -9.2016517 | AK94: =(AK91-AK90)/(AK87-AK90) -> -5.4143589 | AL94: =(AL91-AL90)/(AL87-AL90) -> #DIV/0! | AM94: =(AM91-AM90)/(AM87-AM90) -> #DIV/0! | AN94: =(AN91-AN90)/(AN87-AN90) -> #DIV/0! | AO94: =(AO91-AO90)/(AO87-AO90) -> #DIV/0! | ... AR94: =(AR91-AR90)/(AR87-AR90) -> #DIV/0!
AD95: Achievement Rate (Conditional) | AG95: 1 | AH95: =IF(OR(AH94>=100%),100%,IF(OR(AH94<=0%),0%,AVERAGE(AH94))) -> 0 | AI95: =IF(OR(AI94>=100%),100%,IF(OR(AI94<=0%),0%,AVERAGE(AI94))) -> 0 | AJ95: =IF(OR(AJ94>=100%),100%,IF(OR(AJ94<=0%),0%,AVERAGE(AJ94))) -> 0 | AK95: =IF(OR(AK94>=100%),100%,IF(OR(AK94<=0%),0%,AVERAGE(AK94))) -> 0 | AL95: =IF(OR(AL94>=100%),100%,IF(OR(AL94<=0%),0%,AVERAGE(AL94))) -> #DIV/0! | AM95: =IF(OR(AM94>=100%),100%,IF(OR(AM94<=0%),0%,AVERAGE(AM94))) -> #DIV/0! | AN95: =IF(OR(AN94>=100%),100%,IF(OR(AN94<=0%),0%,AVERAGE(AN94))) -> #DIV/0! | AO95: =IF(OR(AO94>=100%),100%,IF(OR(AO94<=0%),0%,AVERAGE(AO94))) -> #DIV/0! | ... AR95: =IF(OR(AR94>=100%),100%,IF(OR(AR94<=0%),0%,AVERAGE(AR94))) -> #DIV/0!
AD96: WEIGHTED AVERAGE | AG96: =AG95*0.2 -> 0.2 | AH96: =AH95*0.2 -> 0 | AI96: =AI95*0.2 -> 0 | AJ96: =AJ95*0.2 -> 0 | AK96: =AK95*0.2 -> 0 | AL96: =AL95*0.2 -> #DIV/0! | AM96: =AM95*0.2 -> #DIV/0! | AN96: =AN95*0.2 -> #DIV/0! | ... AR96: =AR95*0.2 -> #DIV/0!
AD99: Actual loss cost | AG99: 1.78 | AH99: 5.68 | AI99: 2.29 | AJ99: 2.66 | AK99: 2.366
AD102: 5.) Loss Cost Ratio to Sales | AF102: 45352 | AG102: 45383 | AH102: 45413 | AI102: 45444 | AJ102: 45474 | AK102: 45505 | AL102: 45536 | AM102: 45566 | AN102: 45597 | AO102: 45627 | AP102: 45658 | AQ102: 45689 | AR102: 45717
AD103: =(AR103-AF103)/12 -> 0 | AF103: =$AR$103 -> 0.001 | AG103: 0.001 | AH103: =$AR$103 -> 0.001 | AI103: =$AR$103 -> 0.001 | AJ103: =$AR$103 -> 0.001 | AK103: =$AR$103 -> 0.001 | AL103: =$AR$103 -> 0.001 | AM103: =$AR$103 -> 0.001 | AN103: =$AR$103 -> 0.001 | AO103: =$AR$103 -> 0.001 | ... AQ103: =$AR$103 -> 0.001 | AR103: 0.001
AD104: =(AR104-AF104)/12 -> 0 | AE104: Performance | AF104: =$AR$103 -> 0.001 | AG104: 0.001 | AH104: =++AG104+$AD$104 -> 0.001 | AI104: =++AH104+$AD$104 -> 0.001 | AJ104: =++AI104+$AD$104 -> 0.001 | AK104: =++AJ104+$AD$104 -> 0.001 | AL104: =++AK104+$AD$104 -> 0.001 | AM104: =++AL104+$AD$104 -> 0.001 | AN104: =++AM104+$AD$104 -> 0.001 | AO104: =++AN104+$AD$104 -> 0.001 | ... AQ104: =++AP104+$AD$104 -> 0.001 | AR104: =AR103-(AR103-AR106)*0.5 -> 0.001
AD105: =(AR105-AF105)/12 -> 0 | AE105: Performance | AF105: =$AR$103 -> 0.001 | AG105: 0.001 | AH105: =++AG105+$AD$105 -> 0.001 | AI105: =++AH105+$AD$105 -> 0.001 | AJ105: =++AI105+$AD$105 -> 0.001 | AK105: =++AJ105+$AD$105 -> 0.001 | AL105: =++AK105+$AD$105 -> 0.001 | AM105: =++AL105+$AD$105 -> 0.001 | AN105: =++AM105+$AD$105 -> 0.001 | AO105: =++AN105+$AD$105 -> 0.001 | ... AQ105: =++AP105+$AD$105 -> 0.001 | AR105: =AR103-(AR103-AR106)*0.8 -> 0.001
AD106: =(AR106-AF106)/12 -> 0 | AE106: Performance | AF106: =$AR$103 -> 0.001 | AG106: 0.001 | AH106: =++AG106+$AD$106 -> 0.001 | AI106: =++AH106+$AD$106 -> 0.001 | AJ106: =++AI106+$AD$106 -> 0.001 | AK106: =++AJ106+$AD$106 -> 0.001 | AL106: =++AK106+$AD$106 -> 0.001 | AM106: =++AL106+$AD$106 -> 0.001 | AN106: =++AM106+$AD$106 -> 0.001 | AO106: =++AN106+$AD$106 -> 0.001 | ... AQ106: =++AP106+$AD$106 -> 0.001 | AR106: 0.001
AD107: Actual Performance | AG107: =AG99/(AG108/1000) -> 0.00082714446 | AH107: =AH99/(AH108/1000) -> 0.001600059 | AI107: =AI99/(AI108/1000) -> 0.00097856473 | AJ107: =AJ99/(AJ108/1000) -> 0.00068464415 | AK107: =AK99/(AK108/1000) -> 0.00068494054 | AL107: =AL99/(AL108/1000) -> #DIV/0! | AM107: =AM99/(AM108/1000) -> #DIV/0! | AN107: =AN99/(AN108/1000) -> #DIV/0! | ... AR107: =AR99/(AR108/1000) -> #DIV/0!
AD108: TS TTL Sales | AG108: 2151982 | AH108: 3549869 | AI108: 2340162 | AJ108: 3885230 | AK108: 3454314.5
AD109: Achievement Rate | AG109: 1 | AH109: 0 | AI109: 0 | AJ109: 0 | AK109: =(AK103-AK107)/(AK103-AK106) -> #DIV/0! | AL109: =(AL103-AL107)/(AL103-AL106) -> #DIV/0! | AM109: =(AM103-AM107)/(AM103-AM106) -> #DIV/0! | AN109: =(AN103-AN107)/(AN103-AN106) -> #DIV/0! | AO109: =(AO103-AO107)/(AO103-AO106) -> #DIV/0! | AP109: =(AP103-AP107)/(AP103-AP106) -> #DIV/0! | AQ109: =(AQ103-AQ107)/(AQ103-AQ106) -> #DIV/0! | AR109: =(AR103-AR107)/(AR103-AR106) -> #DIV/0!
AD110: Achievement Rate (Conditional) | AG110: 1 | AH110: =IF(OR(AH109>=100%),100%,IF(OR(AH109<=0%),0%,AVERAGE(AH109))) -> 0 | AI110: 1 | AJ110: 1 | AK110: 1 | AL110: =IF(OR(AL109>=100%),100%,IF(OR(AL109<=0%),0%,AVERAGE(AL109))) -> #DIV/0! | AM110: =IF(OR(AM109>=100%),100%,IF(OR(AM109<=0%),0%,AVERAGE(AM109))) -> #DIV/0! | AN110: =IF(OR(AN109>=100%),100%,IF(OR(AN109<=0%),0%,AVERAGE(AN109))) -> #DIV/0! | AO110: =IF(OR(AO109>=100%),100%,IF(OR(AO109<=0%),0%,AVERAGE(AO109))) -> #DIV/0! | AP110: =IF(OR(AP109>=100%),100%,IF(OR(AP109<=0%),0%,AVERAGE(AP109))) -> #DIV/0! | AQ110: =IF(OR(AQ109>=100%),100%,IF(OR(AQ109<=0%),0%,AVERAGE(AQ109))) -> #DIV/0! | AR110: =IF(OR(AR109>=100%),100%,IF(OR(AR109<=0%),0%,AVERAGE(AR109))) -> #DIV/0!
AD111: WEIGHTED AVERAGE | AG111: =AG110*0.2 -> 0.2 | AH111: =AH110*0.2 -> 0 | AI111: =AI110*0.2 -> 0.2 | AJ111: =AJ110*0.2 -> 0.2 | AK111: =AK110*0.2 -> 0.2 | AL111: =AL110*0.2 -> #DIV/0! | AM111: =AM110*0.2 -> #DIV/0! | AN111: =AN110*0.2 -> #DIV/0! | ... AR111: =AR110*0.2 -> #DIV/0!
AD114: 6.) OQC LAR | AF114: 45352 | AG114: 45383 | AH114: 45413 | AI114: 45444 | AJ114: 45474 | AK114: 45505 | AL114: 45536 | AM114: 45566 | AN114: 45597 | AO114: 45627 | AP114: 45658 | AQ114: 45689 | AR114: 45717
AD115: =(AR115-AF115)/12 -> 0 | AE115: Performance | AF115: =$AR$118 -> 0.9997 | AG115: 0.9997 | AH115: =++AG115+$AD$115 -> 0.9997 | AI115: =++AH115+$AD$115 -> 0.9997 | AJ115: =++AI115+$AD$115 -> 0.9997 | AK115: =++AJ115+$AD$115 -> 0.9997 | AL115: =++AK115+$AD$115 -> 0.9997 | AM115: =++AL115+$AD$115 -> 0.9997 | AN115: =++AM115+$AD$115 -> 0.9997 | AO115: =++AN115+$AD$115 -> 0.9997 | ... AQ115: =++AP115+$AD$115 -> 0.9997 | AR115: 0.9997
AD116: =(AR116-AF116)/12 -> 0 | AE116: Performance | AF116: =$AR$118 -> 0.9997 | AG116: 0.9997 | AH116: =++AG116+$AD$116 -> 0.9997 | AI116: =++AH116+$AD$116 -> 0.9997 | AJ116: =++AI116+$AD$116 -> 0.9997 | AK116: =++AJ116+$AD$116 -> 0.9997 | AL116: =++AK116+$AD$116 -> 0.9997 | AM116: =++AL116+$AD$116 -> 0.9997 | AN116: =++AM116+$AD$116 -> 0.9997 | AO116: =++AN116+$AD$116 -> 0.9997 | ... AQ116: =++AP116+$AD$116 -> 0.9997 | AR116: =AR115-(AR115-AR118)*0.2 -> 0.9997
AD117: =(AR117-AF117)/12 -> 0 | AE117: Performance | AF117: =$AR$118 -> 0.9997 | AG117: 0.9997 | AH117: =++AG117+$AD$117 -> 0.9997 | AI117: =++AH117+$AD$117 -> 0.9997 | AJ117: =++AI117+$AD$117 -> 0.9997 | AK117: =++AJ117+$AD$117 -> 0.9997 | AL117: =++AK117+$AD$117 -> 0.9997 | AM117: =++AL117+$AD$117 -> 0.9997 | AN117: =++AM117+$AD$117 -> 0.9997 | AO117: =++AN117+$AD$117 -> 0.9997 | ... AQ117: =++AP117+$AD$117 -> 0.9997 | AR117: =AR115-(AR115-AR118)*0.5 -> 0.9997
AD118: =(AR118-AF118)/12 -> 0 | AF118: =$AR$118 -> 0.9997 | AG118: 0.9997 | AH118: =$AR$118 -> 0.9997 | AI118: =$AR$118 -> 0.9997 | AJ118: =$AR$118 -> 0.9997 | AK118: =$AR$118 -> 0.9997 | AL118: =$AR$118 -> 0.9997 | AM118: =$AR$118 -> 0.9997 | AN118: =$AR$118 -> 0.9997 | AO118: =$AR$118 -> 0.9997 | ... AQ118: =$AR$118 -> 0.9997 | AR118: 0.9997
AD119: Actual Performance | AG119: 0.9957 | AH119: =AH121/AH120 -> 0.99802111 | AI119: =AI121/AI120 -> 0.99658703 | AJ119: =AJ121/AJ120 -> 0.99658703 | AK119: =AK121/AK120 -> 0.99805447 | AL119: =AL121/AL120 -> #DIV/0! | AM119: =AM121/AM120 -> #DIV/0! | AN119: =AN121/AN120 -> #DIV/0! | AO119: =AO121/AO120 -> #DIV/0! | ... AR119: =AR121/AR120 -> #DIV/0!
AD120: No. of Lots Inspected | AG120: 1154 | AH120: 1516 | AI120: 1465 | AJ120: 1465 | AK120: 1028
AD121: No. of Lots OK | AG121: 1149 | AH121: 1513 | AI121: 1460 | AJ121: 1460 | AK121: 1026
AD122: Achievement Rate | AG122: 0 | AH122: 0 | AI122: 0 | AJ122: 0 | AK122: =(AK119-AK118)/(AK115-AK118) -> #DIV/0! | AL122: =(AL119-AL118)/(AL115-AL118) -> #DIV/0! | AM122: =(AM119-AM118)/(AM115-AM118) -> #DIV/0! | AN122: =(AN119-AN118)/(AN115-AN118) -> #DIV/0! | AO122: =(AO119-AO118)/(AO115-AO118) -> #DIV/0! | AP122: =(AP119-AP118)/(AP115-AP118) -> #DIV/0! | AQ122: =(AQ119-AQ118)/(AQ115-AQ118) -> #DIV/0! | AR122: =(AR119-AR118)/(AR115-AR118) -> #DIV/0!
AD123: Achievement Rate (Conditional) | AG123: 0 | AH123: =IF(OR(AH122>=100%),100%,IF(OR(AH122<=0%),0%,AVERAGE(AH122))) -> 0 | AI123: =IF(OR(AI122>=100%),100%,IF(OR(AI122<=0%),0%,AVERAGE(AI122))) -> 0 | AJ123: =IF(OR(AJ122>=100%),100%,IF(OR(AJ122<=0%),0%,AVERAGE(AJ122))) -> 0 | AK123: 0 | AL123: =IF(OR(AL122>=100%),100%,IF(OR(AL122<=0%),0%,AVERAGE(AL122))) -> #DIV/0! | AM123: =IF(OR(AM122>=100%),100%,IF(OR(AM122<=0%),0%,AVERAGE(AM122))) -> #DIV/0! | AN123: =IF(OR(AN122>=100%),100%,IF(OR(AN122<=0%),0%,AVERAGE(AN122))) -> #DIV/0! | AO123: =IF(OR(AO122>=100%),100%,IF(OR(AO122<=0%),0%,AVERAGE(AO122))) -> #DIV/0! | AP123: =IF(OR(AP122>=100%),100%,IF(OR(AP122<=0%),0%,AVERAGE(AP122))) -> #DIV/0! | AQ123: =IF(OR(AQ122>=100%),100%,IF(OR(AQ122<=0%),0%,AVERAGE(AQ122))) -> #DIV/0! | AR123: =IF(OR(AR122>=100%),100%,IF(OR(AR122<=0%),0%,AVERAGE(AR122))) -> #DIV/0!
AD124: WEIGHTED AVERAGE | AG124: =AG123*0.15 -> 0 | AH124: =AH123*0.15 -> 0 | AI124: =AI123*0.15 -> 0 | AJ124: =AJ123*0.15 -> 0 | AK124: =AK123*0.15 -> 0 | AL124: =AL123*0.15 -> #DIV/0! | AM124: =AM123*0.15 -> #DIV/0! | AN124: =AN123*0.15 -> #DIV/0! | ... AR124: =AR123*0.15 -> #DIV/0!
AD127: 7.) OQC Dppm | AF127: 45352 | AG127: 45383 | AH127: 45413 | AI127: 45444 | AJ127: 45474 | AK127: 45505 | AL127: 45536 | AM127: 45566 | AN127: 45597 | AO127: 45627 | AP127: 45658 | AQ127: 45689 | AR127: 45717
AD128: =(AR128-AF128)/12 -> 0 | AF128: =$AR$128 -> 5 | AG128: 5 | AH128: =++AG128+$AD$128 -> 5 | AI128: =++AH128+$AD$128 -> 5 | AJ128: =++AI128+$AD$128 -> 5 | AK128: =++AJ128+$AD$128 -> 5 | AL128: =++AK128+$AD$128 -> 5 | AM128: =++AL128+$AD$128 -> 5 | AN128: =++AM128+$AD$128 -> 5 | AO128: =++AN128+$AD$128 -> 5 | ... AQ128: =++AP128+$AD$128 -> 5 | AR128: 5
AD129: =(AR129-AF129)/12 -> -0.0625 | AE129: Performance | AF129: =$AR$128 -> 5 | AG129: 4.9375 | AH129: =++AG129+$AD$129 -> 4.875 | AI129: =++AH129+$AD$129 -> 4.8125 | AJ129: =++AI129+$AD$129 -> 4.75 | AK129: =++AJ129+$AD$129 -> 4.6875 | AL129: =++AK129+$AD$129 -> 4.625 | AM129: =++AL129+$AD$129 -> 4.5625 | AN129: =++AM129+$AD$129 -> 4.5 | AO129: =++AN129+$AD$129 -> 4.4375 | ... AQ129: =++AP129+$AD$129 -> 4.3125 | AR129: =AR128-(AR128-AR131)*0.5 -> 4.25
AD130: =(AR130-AF130)/12 -> -0.1 | AE130: Performance | AF130: =$AR$128 -> 5 | AG130: 4.9 | AH130: =++AG130+$AD$130 -> 4.8 | AI130: =++AH130+$AD$130 -> 4.7 | AJ130: =++AI130+$AD$130 -> 4.6 | AK130: =++AJ130+$AD$130 -> 4.5 | AL130: =++AK130+$AD$130 -> 4.4 | AM130: =++AL130+$AD$130 -> 4.3 | AN130: =++AM130+$AD$130 -> 4.2 | AO130: =++AN130+$AD$130 -> 4.1 | ... AQ130: =++AP130+$AD$130 -> 3.9 | AR130: =AR128-(AR128-AR131)*0.8 -> 3.8
AD131: =(AR131-AF131)/12 -> -0.125 | AE131: Performance | AF131: =$AR$128 -> 5 | AG131: 4.875 | AH131: =++AG131+$AD$131 -> 4.75 | AI131: =++AH131+$AD$131 -> 4.625 | AJ131: =++AI131+$AD$131 -> 4.5 | AK131: =++AJ131+$AD$131 -> 4.375 | AL131: =++AK131+$AD$131 -> 4.25 | AM131: =++AL131+$AD$131 -> 4.125 | AN131: =++AM131+$AD$131 -> 4 | AO131: =++AN131+$AD$131 -> 3.875 | ... AQ131: =++AP131+$AD$131 -> 3.625 | AR131: 3.5
AD132: Actual Performance | AG132: 18.076906 | AH132: =AH134/AH133*1000000 -> 6.4060541 | AI132: =AI134/AI133*1000000 -> 9.0328362 | AJ132: =AJ134/AJ133*1000000 -> 5.0866511 | AK132: =AK134/AK133*1000000 -> 4.7171369 | AL132: =AL134/AL133*1000000 -> #DIV/0! | AM132: =AM134/AM133*1000000 -> #DIV/0! | AN132: =AN134/AN133*1000000 -> #DIV/0! | AO132: =AO134/AO133*1000000 -> #DIV/0! | ... AR132: =AR134/AR133*1000000 -> #DIV/0!
AD133: Total Sample Size | AG133: 276596 | AH133: 468307 | AI133: 553536 | AJ133: 982965 | AK133: 423986
AE134: TTL NG | AG134: 5 | AH134: 3 | AI134: 5 | AJ134: 5 | AK134: 2
AD136: Achievement Rate | AG136: -104.61525 | AH136: =(AH128-AH132)/(AH128-AH131) -> -5.6242166 | AI136: =(AI128-AI132)/(AI128-AI131) -> -10.75423 | AJ136: =(AJ128-AJ132)/(AJ128-AJ131) -> -0.1733022 | AK136: =(AK128-AK132)/(AK128-AK131) -> 0.45258098 | AL136: =(AL128-AL132)/(AL128-AL131) -> #DIV/0! | AM136: =(AM128-AM132)/(AM128-AM131) -> #DIV/0! | AN136: =(AN128-AN132)/(AN128-AN131) -> #DIV/0! | AO136: =(AO128-AO132)/(AO128-AO131) -> #DIV/0! | ... AR136: =(AR128-AR132)/(AR128-AR131) -> #DIV/0!
AD137: Achievement Rate (Conditional) | AG137: 0 | AH137: =IF(OR(AH136>=100%),100%,IF(OR(AH136<=0%),0%,AVERAGE(AH136))) -> 0 | AI137: =IF(OR(AI136>=100%),100%,IF(OR(AI136<=0%),0%,AVERAGE(AI136))) -> 0 | AJ137: =IF(OR(AJ136>=100%),100%,IF(OR(AJ136<=0%),0%,AVERAGE(AJ136))) -> 0 | AK137: =IF(OR(AK136>=100%),100%,IF(OR(AK136<=0%),0%,AVERAGE(AK136))) -> 0.45258098 | AL137: =IF(OR(AL136>=100%),100%,IF(OR(AL136<=0%),0%,AVERAGE(AL136))) -> #DIV/0! | AM137: =IF(OR(AM136>=100%),100%,IF(OR(AM136<=0%),0%,AVERAGE(AM136))) -> #DIV/0! | AN137: =IF(OR(AN136>=100%),100%,IF(OR(AN136<=0%),0%,AVERAGE(AN136))) -> #DIV/0! | AO137: =IF(OR(AO136>=100%),100%,IF(OR(AO136<=0%),0%,AVERAGE(AO136))) -> #DIV/0! | ... AR137: =IF(OR(AR136>=100%),100%,IF(OR(AR136<=0%),0%,AVERAGE(AR136))) -> #DIV/0!
AD138: WEIGHTED AVERAGE | AG138: =AG137*0.15 -> 0 | AH138: =AH137*0.15 -> 0 | AI138: =AI137*0.15 -> 0 | AJ138: =AJ137*0.15 -> 0 | AK138: =AK137*0.15 -> 0.067887147 | AL138: =AL137*0.15 -> #DIV/0! | AM138: =AM137*0.15 -> #DIV/0! | AN138: =AN137*0.15 -> #DIV/0! | ... AR138: =AR137*0.15 -> #DIV/0!
AD141: Achievement Rate (Weighted AVE) | AG141: =SUM(AG54,AG68,AG83,AG96,AG111,AG138,AG124) -> 0.7 | AH141: =SUM(AH54,AH68,AH83,AH96,AH111,AH138,AH124) -> 0.1 | AI141: =SUM(AI54,AI68,AI83,AI96,AI111,AI138,AI124) -> 0.3 | AJ141: =SUM(AJ54,AJ68,AJ83,AJ96,AJ111,AJ138,AJ124) -> 0.3 | AK141: =SUM(AK54,AK68,AK83,AK96,AK111,AK138,AK124) -> 0.31788715 | AL141: =SUM(AL54,AL68,AL83,AL96,AL111,AL138,AL124) -> #DIV/0! | AM141: =SUM(AM54,AM68,AM83,AM96,AM111,AM138,AM124) -> #DIV/0! | AN141: =SUM(AN54,AN68,AN83,AN96,AN111,AN138,AN124) -> #DIV/0! | ... AR141: =SUM(AR54,AR68,AR83,AR96,AR111,AR138,AR124) -> #DIV/0!

Sheet CN
A2: =AO220 -> 0.25 | B2: Action Plan | E2: Division / Section: | I2: CN | R2: Ref. No.: | Z2: Approved (sign)
B3: Theme | E3: Responsible Person | I3: Team Members | R3: Date Prepared: | T3: 45545 | Z3: ESM/EAN/RNS
A4: Key 11 | B4: Quality Assurance System | E4: Tristine Mabulac | I4: Cecille A. / Ramil A. / Mary Joy M. / Angelito DP / Vallerie L. | R4: Approval: | T4: ROR
A5: Aiming for Improvement | B5: Slogan | E5: Area | I5: Objective | R5: Evaluation Factor Customer Claim | T5: Evaluation Factor First Pass Yield / Dppm | V5: Evaluation Factor First Pass Yield / Dppm (Automotive) | X5: Evaluation Factor OQC LAR / Dppm | Z5: Evaluation Factor OQC LAR / Dppm (Automotive) | AB5: Evaluation Factor Loss Cost Ratio to Sales | AD5: Evaluation Factor Customer Claim (Internal)
B6: Let's apply QA system on countermeasures at the source | E6: CN | I6: <> Boost Efficiency and Quality with Higher YIELD / Lower DPPM for Better Performance | R6: FY23 | S6: FY 24Tgt | T6: FY23 | U6: FY 24Tgt | V6: FY23 | W6: FY 24Tgt | X6: FY23 | Y6: FY 24Tgt | Z6: FY23 | AA6: FY 24Tgt | AB6: FY23 | AC6: FY 24Tgt | AD6: FY23 | AE6: FY 24Tgt
I7: <> Enhance Outgoing LAR while Decreasing DPPM | R7: Class A 6 | S7: Class A 6 | T7: 0.9976 | U7: 0.9981 | V7: 0.9974 | W7: 0.9984 | X7: 0.999 | Y7: 0.9994 | Z7: 0.9996 | AA7: 0.9991 | AB7: 0.0023 | AC7: 0.0019 | AD7: 0 | AE7: 3
I8: <> Customer Satisfaction Enhancement: Minimizing Customer’s Complaints
I9: <> Attainment of Company-Wide Loss Cost Ratio to Sales Goal
R10: Class B/C 3 | S10: Class B/C 3 | T10: 2405 | U10: 2044 | V10: 2558 | W10: 2174 | X10: 3 | Y10: 3.3 | Z10: 2 | AA10: 0
A13: No | B13: Action | E13: Person | F13: Apr | G13: May | H13: Jun | I13: Jul | J13: Aug | K13: Sep | L13: Oct | M13: Nov | N13: Dec | O13: Jan | P13: Feb | Q13: Mar | R13: Follow-up by Responsible Person | Z13: Comments from Manager
A14: 1 | B14: 1. Train and certify to all product category (assembly & visual) 2. Train and certify in basic auditing course 2.1 Conduct station check (daily) 2.2 Structure basic close-loop reporting system 3. Implement use of cap with blue lining as identification of Cross-Line-Operator (CLO) | E14: Cecille A. / Val L. / Tristine M. | R14: 45383 | S14: Continue activity as per plan. | Z14: ROR | AA14: > Implement actions to improve OQC LAR/Dppm for non-automotive products.
A15: 2 | B15: Mobile 3D Coplanarity Inspection & Emboss Packing M/C | E15: A. De Pedro / ROR | R15: 45413 | S15: Continous implementation to improvement actions for all evaluation factors. | Z15: ROR | AA15: > Implement actions to improve OQC LAR/Dppm for non-automotive products.
A16: 3 | B16: Visual Inspection Automation using IV2 Camera | E16: A. De Pedro / ROR | R16: 45444 | S16: Continue activity as per plan. | Z16: ROR | AA16: > Provide improvement actions to improve Yield & OQC LAR/Dppm
A17: 4 | B17: PJS008 - 21 Automation | E17: Angelito DP / KTE / ROR | R17: 45474 | S17: Continue activity as per plan. | Z17: ROR | AA17: > Implementation of Spike Control across the CN
A18: 5 | B18: AAT Improvement thru automation | E18: Angelito DP / Engelbert S / Andy U / Valerie L | R18: 45505 | S18: Convene with the team to derived actions to improve Yield & OQC/LAR Dppm | Z18: ROR | AA18: > Provide improvement actions to improve Yield & OQC LAR/Dppm
A19: 6 | B19: Cellular Line Layout | E19: Angelito DP / C. Dominguez
AJ54: Pink cell should be updated
AH55: CN Section
AH56: 1.) Customer Claim (Class A) | AJ56: 45352 | AK56: 45383 | AL56: 45413 | AM56: 45444 | AN56: 45474 | AO56: 45505 | AP56: 45536 | AQ56: 45566 | AR56: 45597 | AS56: 45627 | AT56: 45658 | AU56: 45689 | AV56: 45717
AH57: =(AV57-AJ57)/12 -> 0 | AJ57: =AV57 -> 6 | AK57: 6 | AL57: =AK57+$AH$57 -> 6 | AM57: =AL57+$AH$57 -> 6 | AN57: =AM57+$AH$57 -> 6 | AO57: =AN57+$AH$57 -> 6 | AP57: =AO57+$AH$57 -> 6 | AQ57: =AP57+$AH$57 -> 6 | AR57: =AQ57+$AH$57 -> 6 | AS57: =AR57+$AH$57 -> 6 | ... AU57: =AT57+$AH$57 -> 6 | AV57: 6
AH58: =(AV58-AJ58)/12 -> 0 | AI58: Performance | AJ58: =AV57 -> 6 | AK58: 6 | AL58: =AK58+$AH$58 -> 6 | AM58: =AL58+$AH$58 -> 6 | AN58: =AM58+$AH$58 -> 6 | AO58: =AN58+$AH$58 -> 6 | AP58: =AO58+$AH$58 -> 6 | AQ58: =AP58+$AH$58 -> 6 | AR58: =AQ58+$AH$58 -> 6 | AS58: =AR58+$AH$58 -> 6 | ... AU58: =AT58+$AH$58 -> 6 | AV58: =AV57-(AV57-AV60)*0.5 -> 6
AH59: =(AV59-AJ59)/12 -> 0 | AI59: Performance | AJ59: =AV57 -> 6 | AK59: 6 | AL59: =AK59+$AH$59 -> 6 | AM59: =AL59+$AH$59 -> 6 | AN59: =AM59+$AH$59 -> 6 | AO59: =AN59+$AH$59 -> 6 | AP59: =AO59+$AH$59 -> 6 | AQ59: =AP59+$AH$59 -> 6 | AR59: =AQ59+$AH$59 -> 6 | AS59: =AR59+$AH$59 -> 6 | ... AU59: =AT59+$AH$59 -> 6 | AV59: =AV57-(AV57-AV60)*0.8 -> 6
AH60: =(AV60-AJ60)/12 -> 0 | AI60: Performance | AJ60: =AV57 -> 6 | AK60: 6 | AL60: =AK60+$AH$60 -> 6 | AM60: =AL60+$AH$60 -> 6 | AN60: =AM60+$AH$60 -> 6 | AO60: =AN60+$AH$60 -> 6 | AP60: =AO60+$AH$60 -> 6 | AQ60: =AP60+$AH$60 -> 6 | AR60: =AQ60+$AH$60 -> 6 | AS60: =AR60+$AH$60 -> 6 | ... AU60: =AT60+$AH$60 -> 6 | AV60: 6
AH61: Accum. Actual Performance | AK61: 0 | AL61: =AK61+AL63 -> 0 | AM61: =AL61+AM63 -> 1 | AN61: =AM61+AN63 -> 1 | AO61: =AN61+AO63 -> 1 | AP61: =AO61+AP63 -> 1 | AQ61: =AP61+AQ63 -> 1 | AR61: =AQ61+AR63 -> 1 | AS61: =AR61+AS63 -> 1 | ... AV61: =AU61+AV63 -> 1
AH63: Actual Performance | AK63: 0 | AL63: 0 | AM63: 1 | AN63: 0 | AO63: 0
AK64: 0 | AL64: =AL63 -> 0 | AM64: =AM63 -> 1 | AN64: =AN63 -> 0 | AO64: =AO63 -> 0 | AP64: =AP63 -> 0 | AQ64: =AQ63 -> 0 | AR64: =AR63 -> 0 | AS64: =AS63 -> 0 | ... AV64: =AV63 -> 0
AH65: Achievement Rate | AK65: #DIV/0! | AL65: =(AL57-AL61)/(AL57-AL60) -> #DIV/0! | AM65: =(AM57-AM61)/(AM57-AM60) -> #DIV/0! | AN65: =(AN57-AN61)/(AN57-AN60) -> #DIV/0! | AO65: =(AO57-AO61)/(AO57-AO60) -> #DIV/0! | AP65: =(AP57-AP61)/(AP57-AP60) -> #DIV/0! | AQ65: =(AQ57-AQ61)/(AQ57-AQ60) -> #DIV/0! | AR65: =(AR57-AR61)/(AR57-AR60) -> #DIV/0! | AS65: =(AS57-AS61)/(AS57-AS60) -> #DIV/0! | ... AV65: =(AV57-AV61)/(AV57-AV60) -> #DIV/0!
AH66: Achievement Rate (Conditional) | AK66: 1 | AL66: 1 | AM66: 1 | AN66: 1 | AO66: 1 | AP66: =IF(OR(AP65>=100%),100%,IF(OR(AP65<=0%),0%,AVERAGE(AP65))) -> #DIV/0! | AQ66: =IF(OR(AQ65>=100%),100%,IF(OR(AQ65<=0%),0%,AVERAGE(AQ65))) -> #DIV/0! | AR66: =IF(OR(AR65>=100%),100%,IF(OR(AR65<=0%),0%,AVERAGE(AR65))) -> #DIV/0! | AS66: =IF(OR(AS65>=100%),100%,IF(OR(AS65<=0%),0%,AVERAGE(AS65))) -> #DIV/0! | AT66: =IF(OR(AT65>=100%),100%,IF(OR(AT65<=0%),0%,AVERAGE(AT65))) -> #DIV/0! | AU66: =IF(OR(AU65>=100%),100%,IF(OR(AU65<=0%),0%,AVERAGE(AU65))) -> #DIV/0! | AV66: =IF(OR(AV65>=100%),100%,IF(OR(AV65<=0%),0%,AVERAGE(AV65))) -> #DIV/0!
AG67: 5 | AH67: WEIGHTED AVERAGE | AK67: =AK66*0.05 -> 0.05 | AL67: =AL66*0.05 -> 0.05 | AM67: =AM66*0.05 -> 0.05 | AN67: =AN66*0.05 -> 0.05 | AO67: =AO66*0.05 -> 0.05 | AP67: =AP66*0.05 -> #DIV/0! | AQ67: =AQ66*0.05 -> #DIV/0! | AR67: =AR66*0.05 -> #DIV/0! | ... AV67: =AV66*0.05 -> #DIV/0!
AH70: 2) Customer Claim (Class B/C) | AJ70: 45352 | AK70: 45383 | AL70: 45413 | AM70: 45444 | AN70: 45474 | AO70: 45505 | AP70: 45536 | AQ70: 45566 | AR70: 45597 | AS70: 45627 | AT70: 45658 | AU70: 45689 | AV70: 45717
AH71: =(AV71-AJ71)/12 -> 0 | AJ71: =AV71 -> 3 | AK71: 6 | AL71: =AK71+$AH$71 -> 6 | AM71: =AL71+$AH$71 -> 6 | AN71: =AM71+$AH$71 -> 6 | AO71: =AN71+$AH$71 -> 6 | AP71: =AO71+$AH$71 -> 6 | AQ71: =AP71+$AH$71 -> 6 | AR71: =AQ71+$AH$71 -> 6 | AS71: =AR71+$AH$71 -> 6 | ... AU71: =AT71+$AH$71 -> 6 | AV71: 3
AH72: =(AV72-AJ72)/12 -> 0 | AI72: Performance | AJ72: =AV71 -> 3 | AK72: 6 | AL72: =AK72+$AH$72 -> 6 | AM72: =AL72+$AH$72 -> 6 | AN72: =AM72+$AH$72 -> 6 | AO72: =AN72+$AH$72 -> 6 | AP72: =AO72+$AH$72 -> 6 | AQ72: =AP72+$AH$72 -> 6 | AR72: =AQ72+$AH$72 -> 6 | AS72: =AR72+$AH$72 -> 6 | ... AU72: =AT72+$AH$72 -> 6 | AV72: =AV71-(AV71-AV74)*0.5 -> 3
AH73: =(AV73-AJ73)/12 -> 0 | AI73: Performance | AJ73: =AV71 -> 3 | AK73: 6 | AL73: =AK73+$AH$73 -> 6 | AM73: =AL73+$AH$73 -> 6 | AN73: =AM73+$AH$73 -> 6 | AO73: =AN73+$AH$73 -> 6 | AP73: =AO73+$AH$73 -> 6 | AQ73: =AP73+$AH$73 -> 6 | AR73: =AQ73+$AH$73 -> 6 | AS73: =AR73+$AH$73 -> 6 | ... AU73: =AT73+$AH$73 -> 6 | AV73: =AV71-(AV71-AV74)*0.8 -> 3
AH74: =(AV74-AJ74)/12 -> 0 | AI74: Performance | AJ74: =AV71 -> 3 | AK74: 6 | AL74: =AK74+$AH$74 -> 6 | AM74: =AL74+$AH$74 -> 6 | AN74: =AM74+$AH$74 -> 6 | AO74: =AN74+$AH$74 -> 6 | AP74: =AO74+$AH$74 -> 6 | AQ74: =AP74+$AH$74 -> 6 | AR74: =AQ74+$AH$74 -> 6 | AS74: =AR74+$AH$74 -> 6 | ... AU74: =AT74+$AH$74 -> 6 | AV74: 3
AH75: Accum. Actual Performance | AK75: 0 | AL75: =AK75+AL77 -> 1 | AM75: =AL75+AM77 -> 2 | AN75: =AM75+AN77 -> 2 | AO75: =AN75+AO77 -> 2 | AP75: =AO75+AP77 -> 2 | AQ75: =AP75+AQ77 -> 2 | AR75: =AQ75+AR77 -> 2 | AS75: =AR75+AS77 -> 2 | ... AV75: =AU75+AV77 -> 2
AH77: Actual Performance | AK77: 0 | AL77: 1 | AM77: 1 | AN77: 0 | AO77: 0
AK78: 0 | AL78: =AL77 -> 1 | AM78: =AM77 -> 1 | AN78: =AN77 -> 0 | AO78: =AO77 -> 0 | AP78: =AP77 -> 0 | AQ78: =AQ77 -> 0 | AR78: =AR77 -> 0 | AS78: =AS77 -> 0 | AT78: 1 | AU78: =AU77 -> 0 | AV78: =AV77 -> 0
AH79: Achievement Rate | AK79: #DIV/0! | AL79: =(AL71-AL75)/(AL71-AL74) -> #DIV/0! | AM79: =(AM71-AM75)/(AM71-AM74) -> #DIV/0! | AN79: =(AN71-AN75)/(AN71-AN74) -> #DIV/0! | AO79: =(AO71-AO75)/(AO71-AO74) -> #DIV/0! | AP79: =(AP71-AP75)/(AP71-AP74) -> #DIV/0! | AQ79: =(AQ71-AQ75)/(AQ71-AQ74) -> #DIV/0! | AR79: =(AR71-AR75)/(AR71-AR74) -> #DIV/0! | AS79: =(AS71-AS75)/(AS71-AS74) -> #DIV/0! | ... AV79: =(AV71-AV75)/(AV71-AV74) -> #DIV/0!
AH80: Achievement Rate (Conditional) | AK80: 1 | AL80: 0 | AM80: 0 | AN80: 0 | AO80: 0 | AP80: =IF(OR(AP79>=100%),100%,IF(OR(AP79<=0%),0%,AVERAGE(AP79))) -> #DIV/0! | AQ80: =IF(OR(AQ79>=100%),100%,IF(OR(AQ79<=0%),0%,AVERAGE(AQ79))) -> #DIV/0! | AR80: =IF(OR(AR79>=100%),100%,IF(OR(AR79<=0%),0%,AVERAGE(AR79))) -> #DIV/0! | AS80: =IF(OR(AS79>=100%),100%,IF(OR(AS79<=0%),0%,AVERAGE(AS79))) -> #DIV/0! | AT80: =IF(OR(AT79>=100%),100%,IF(OR(AT79<=0%),0%,AVERAGE(AT79))) -> #DIV/0! | AU80: =IF(OR(AU79>=100%),100%,IF(OR(AU79<=0%),0%,AVERAGE(AU79))) -> #DIV/0! | AV80: =IF(OR(AV79>=100%),100%,IF(OR(AV79<=0%),0%,AVERAGE(AV79))) -> #DIV/0!
AG81: 5 | AH81: WEIGHTED AVERAGE | AK81: =AK80*0.05 -> 0.05 | AL81: =AL80*0.05 -> 0 | AM81: =AM80*0.05 -> 0 | AN81: =AN80*0.05 -> 0 | AO81: =AO80*0.05 -> 0 | AP81: =AP80*0.05 -> #DIV/0! | AQ81: =AQ80*0.05 -> #DIV/0! | AR81: =AR80*0.05 -> #DIV/0! | ... AV81: =AV80*0.05 -> #DIV/0!
AH84: 3) Internal Customer Claim | AJ84: 45352 | AK84: 45383 | AL84: 45413 | AM84: 45444 | AN84: 45474 | AO84: 45505 | AP84: 45536 | AQ84: 45566 | AR84: 45597 | AS84: 45627 | AT84: 45658 | AU84: 45689 | AV84: 45717
AH85: =(AV85-AJ85)/12 -> -0.5 | AJ85: 6 | AK85: 5.5 | AL85: =AK85+$AH$85 -> 5 | AM85: =AL85+$AH$85 -> 4.5 | AN85: =AM85+$AH$85 -> 4 | AO85: =AN85+$AH$85 -> 3.5 | AP85: =AO85+$AH$85 -> 3 | AQ85: =AP85+$AH$85 -> 2.5 | AR85: =AQ85+$AH$85 -> 2 | AS85: =AR85+$AH$85 -> 1.5 | ... AU85: =AT85+$AH$85 -> 0.5 | AV85: 0
AH86: =(AV86-AJ86)/12 -> -0.375 | AI86: Performance | AJ86: 6 | AK86: 5.625 | AL86: =AK86+$AH$86 -> 5.25 | AM86: =AL86+$AH$86 -> 4.875 | AN86: =AM86+$AH$86 -> 4.5 | AO86: =AN86+$AH$86 -> 4.125 | AP86: =AO86+$AH$86 -> 3.75 | AQ86: =AP86+$AH$86 -> 3.375 | AR86: =AQ86+$AH$86 -> 3 | AS86: =AR86+$AH$86 -> 2.625 | ... AU86: =AT86+$AH$86 -> 1.875 | AV86: =AV85-(AV85-AV88)*0.5 -> 1.5
AH87: =(AV87-AJ87)/12 -> -0.3 | AI87: Performance | AJ87: 6 | AK87: 5.7 | AL87: =AK87+$AH$87 -> 5.4 | AM87: =AL87+$AH$87 -> 5.1 | AN87: =AM87+$AH$87 -> 4.8 | AO87: =AN87+$AH$87 -> 4.5 | AP87: =AO87+$AH$87 -> 4.2 | AQ87: =AP87+$AH$87 -> 3.9 | AR87: =AQ87+$AH$87 -> 3.6 | AS87: =AR87+$AH$87 -> 3.3 | ... AU87: =AT87+$AH$87 -> 2.7 | AV87: =AV85-(AV85-AV88)*0.8 -> 2.4
AH88: =(AV88-AJ88)/12 -> -0.25 | AI88: Performance | AJ88: 6 | AK88: 5.75 | AL88: =AK88+$AH$88 -> 5.5 | AM88: =AL88+$AH$88 -> 5.25 | AN88: =AM88+$AH$88 -> 5 | AO88: =AN88+$AH$88 -> 4.75 | AP88: =AO88+$AH$88 -> 4.5 | AQ88: =AP88+$AH$88 -> 4.25 | AR88: =AQ88+$AH$88 -> 4 | AS88: =AR88+$AH$88 -> 3.75 | ... AU88: =AT88+$AH$88 -> 3.25 | AV88: 3
AH89: Accum. Actual Performance | AK89: 0 | AL89: =AK89+AL91 -> 0 | AM89: =AL89+AM91 -> 0 | AN89: =AM89+AN91 -> 0 | AO89: =AN89+AO91 -> 0 | AP89: =AO89+AP91 -> 0 | AQ89: =AP89+AQ91 -> 0 | AR89: =AQ89+AR91 -> 0 | AS89: =AR89+AS91 -> 0 | ... AV89: =AU89+AV91 -> 0
AH91: Actual Performance | AK91: 0 | AL91: 0 | AM91: 0 | AN91: 0 | AO91: 0
AK92: 0 | AL92: =AL91 -> 0 | AM92: =AM91 -> 0 | AN92: =AN91 -> 0 | AO92: =AO91 -> 0 | AP92: =AP91 -> 0 | AQ92: =AQ91 -> 0 | AR92: =AR91 -> 0 | AS92: =AS91 -> 0 | ... AV92: =AV91 -> 0
AH93: Achievement Rate | AK93: -22 | AL93: =(AL85-AL89)/(AL85-AL88) -> -10 | AM93: =(AM85-AM89)/(AM85-AM88) -> -6 | AN93: =(AN85-AN89)/(AN85-AN88) -> -4 | AO93: =(AO85-AO89)/(AO85-AO88) -> -2.8 | AP93: =(AP85-AP89)/(AP85-AP88) -> -2 | AQ93: =(AQ85-AQ89)/(AQ85-AQ88) -> -1.4285714 | AR93: =(AR85-AR89)/(AR85-AR88) -> -1 | AS93: =(AS85-AS89)/(AS85-AS88) -> -0.66666667 | ... AV93: =(AV85-AV89)/(AV85-AV88) -> 0
AH94: Achievement Rate (Conditional) | AK94: 1 | AL94: 1 | AM94: 1 | AN94: 1 | AO94: 1 | AP94: =IF(OR(AP93>=100%),100%,IF(OR(AP93<=0%),0%,AVERAGE(AP93))) -> 0 | AQ94: =IF(OR(AQ93>=100%),100%,IF(OR(AQ93<=0%),0%,AVERAGE(AQ93))) -> 0 | AR94: =IF(OR(AR93>=100%),100%,IF(OR(AR93<=0%),0%,AVERAGE(AR93))) -> 0 | AS94: =IF(OR(AS93>=100%),100%,IF(OR(AS93<=0%),0%,AVERAGE(AS93))) -> 0 | AT94: =IF(OR(AT93>=100%),100%,IF(OR(AT93<=0%),0%,AVERAGE(AT93))) -> 0 | AU94: =IF(OR(AU93>=100%),100%,IF(OR(AU93<=0%),0%,AVERAGE(AU93))) -> 0 | AV94: =IF(OR(AV93>=100%),100%,IF(OR(AV93<=0%),0%,AVERAGE(AV93))) -> 0
AG95: 5 | AH95: WEIGHTED AVERAGE | AK95: =AK94*0.05 -> 0.05 | AL95: =AL94*0.05 -> 0.05 | AM95: =AM94*0.05 -> 0.05 | AN95: =AN94*0.05 -> 0.05 | AO95: =AO94*0.05 -> 0.05 | AP95: =AP94*0.05 -> 0 | AQ95: =AQ94*0.05 -> 0 | AR95: =AR94*0.05 -> 0 | ... AV95: =AV94*0.05 -> 0
AH98: 4.) FIRST PASS Yield - Dppm (Total) | AJ98: 45352 | AK98: 45383 | AL98: 45413 | AM98: 45444 | AN98: 45474 | AO98: 45505 | AP98: 45536 | AQ98: 45566 | AR98: 45597 | AS98: 45627 | AT98: 45658 | AU98: 45689 | AV98: 45717
AH99: =(AV99-AJ99)/12 -> -30.083333 | AI99: Performance | AJ99: =$AV$102 -> 2405 | AK99: 2374.9167 | AL99: =++AK99+$AH$99 -> 2344.8333 | AM99: =++AL99+$AH$99 -> 2314.75 | AN99: =++AM99+$AH$99 -> 2284.6667 | AO99: =++AN99+$AH$99 -> 2254.5833 | AP99: =++AO99+$AH$99 -> 2224.5 | AQ99: =++AP99+$AH$99 -> 2194.4167 | AR99: =++AQ99+$AH$99 -> 2164.3333 | AS99: =++AR99+$AH$99 -> 2134.25 | ... AU99: =++AT99+$AH$99 -> 2074.0833 | AV99: 2044
AH100: =(AV100-AJ100)/12 -> -24.066667 | AI100: Performance | AJ100: =$AV$102 -> 2405 | AK100: 2380.9333 | AL100: =++AK100+$AH$100 -> 2356.8667 | AM100: =++AL100+$AH$100 -> 2332.8 | AN100: =++AM100+$AH$100 -> 2308.7333 | AO100: =++AN100+$AH$100 -> 2284.6667 | AP100: =++AO100+$AH$100 -> 2260.6 | AQ100: =++AP100+$AH$100 -> 2236.5333 | AR100: =++AQ100+$AH$100 -> 2212.4667 | AS100: =++AR100+$AH$100 -> 2188.4 | ... AU100: =++AT100+$AH$100 -> 2140.2667 | AV100: =AV99-(AV99-AV102)*0.2 -> 2116.2
AH101: =(AV101-AJ101)/12 -> -15.041667 | AI101: Performance | AJ101: =$AV$102 -> 2405 | AK101: 2389.9583 | AL101: =++AK101+$AH$101 -> 2374.9167 | AM101: =++AL101+$AH$101 -> 2359.875 | AN101: =++AM101+$AH$101 -> 2344.8333 | AO101: =++AN101+$AH$101 -> 2329.7917 | AP101: =++AO101+$AH$101 -> 2314.75 | AQ101: =++AP101+$AH$101 -> 2299.7083 | AR101: =++AQ101+$AH$101 -> 2284.6667 | AS101: =++AR101+$AH$101 -> 2269.625 | ... AU101: =++AT101+$AH$101 -> 2239.5417 | AV101: =AV99-(AV99-AV102)*0.5 -> 2224.5
AH102: =(AV102-AJ102)/12 -> 0 | AJ102: =$AV$102 -> 2405 | AK102: 2405 | AL102: =++AK102+$AH$102 -> 2405 | AM102: =++AL102+$AH$102 -> 2405 | AN102: =++AM102+$AH$102 -> 2405 | AO102: =++AN102+$AH$102 -> 2405 | AP102: =++AO102+$AH$102 -> 2405 | AQ102: =++AP102+$AH$102 -> 2405 | AR102: =++AQ102+$AH$102 -> 2405 | AS102: =++AR102+$AH$102 -> 2405 | ... AU102: =++AT102+$AH$102 -> 2405 | AV102: 2405
AH103: Actual Performance (Yield Dppm) | AK103: 2328.4562 | AL103: =AL107/AL106*1000000 -> 1574.1389 | AM103: =AM107/AM106*1000000 -> 1947.3884 | AN103: =AN107/AN106*1000000 -> 2244.0347 | AO103: =AO107/AO106*1000000 -> 2425.0143 | AP103: =AP107/AP106*1000000 -> #DIV/0! | AQ103: =AQ107/AQ106*1000000 -> #DIV/0! | AR103: =AR107/AR106*1000000 -> #DIV/0! | AS103: =AS107/AS106*1000000 -> #DIV/0! | ... AV103: =AV107/AV106*1000000 -> #DIV/0!
AH104: Actual Performance (% Yield) | AK104: 0.99767154 | AL104: =AL105/AL106 -> 0.99842586 | AM104: =AM105/AM106 -> 0.99805261 | AN104: =AN105/AN106 -> 0.99775597 | AO104: =AO105/AO106 -> 0.99757499 | AP104: =AP105/AP106 -> #DIV/0! | AQ104: =AQ105/AQ106 -> #DIV/0! | AR104: =AR105/AR106 -> #DIV/0! | AS104: =AS105/AS106 -> #DIV/0! | ... AV104: =AV105/AV106 -> #DIV/0!
AI105: Total OUTPUT | AK105: 4216136 | AL105: 4151918 | AM105: 3449693 | AN105: 3524105 | AO105: 2659910 | AX105: =SUM(AK105:AM105) -> 11817747
AI106: Total INPUT | AK106: 4225976 | AL106: 4158464 | AM106: 3456424 | AN106: 3532031 | AO106: 2666376 | AX106: =SUM(AK106:AM106) -> 11840864
AI107: TTL NG | AK107: 9840 | AL107: 6546 | AM107: 6731 | AN107: 7926 | AO107: 6466 | AX107: =SUM(AK107:AM107) -> 23117
AH108: Achievement Rate | AK108: 2.5443924 | AL108: =(AL103-AL102)/(AL99-AL102) -> 13.809326 | AM108: =(AM103-AM102)/(AM99-AM102) -> 5.0704887 | AN108: =(AN103-AN102)/(AN99-AN102) -> 1.3376621 | AO108: =(AO103-AO102)/(AO99-AO102) -> -0.13305923 | AP108: =(AP103-AP102)/(AP99-AP102) -> #DIV/0! | AQ108: =(AQ103-AQ102)/(AQ99-AQ102) -> #DIV/0! | AR108: =(AR103-AR102)/(AR99-AR102) -> #DIV/0! | AS108: =(AS103-AS102)/(AS99-AS102) -> #DIV/0! | ... AV108: =(AV103-AV102)/(AV99-AV102) -> #DIV/0! | AX108: =AX107/AX106*1000000 -> 1952.3069
AH109: Achievement Rate (Conditional) | AK109: 1 | AL109: =IF(OR(AL108>=100%),100%,IF(OR(AL108<=0%),0%,AVERAGE(AL108))) -> 1 | AM109: =IF(OR(AM108>=100%),100%,IF(OR(AM108<=0%),0%,AVERAGE(AM108))) -> 1 | AN109: =IF(OR(AN108>=100%),100%,IF(OR(AN108<=0%),0%,AVERAGE(AN108))) -> 1 | AO109: =IF(OR(AO108>=100%),100%,IF(OR(AO108<=0%),0%,AVERAGE(AO108))) -> 0 | AP109: =IF(OR(AP108>=100%),100%,IF(OR(AP108<=0%),0%,AVERAGE(AP108))) -> #DIV/0! | AQ109: =IF(OR(AQ108>=100%),100%,IF(OR(AQ108<=0%),0%,AVERAGE(AQ108))) -> #DIV/0! | AR109: =IF(OR(AR108>=100%),100%,IF(OR(AR108<=0%),0%,AVERAGE(AR108))) -> #DIV/0! | AS109: =IF(OR(AS108>=100%),100%,IF(OR(AS108<=0%),0%,AVERAGE(AS108))) -> #DIV/0! | ... AV109: =IF(OR(AV108>=100%),100%,IF(OR(AV108<=0%),0%,AVERAGE(AV108))) -> #DIV/0!
AG110: 10 | AH110: WEIGHTED AVERAGE | AK110: 0.1 | AL110: =AL109*0.1 -> 0.1 | AM110: =AM109*0.1 -> 0.1 | AN110: =AN109*0.1 -> 0.1 | AO110: =AO109*0.1 -> 0 | AP110: =AP109*0.1 -> #DIV/0! | AQ110: =AQ109*0.1 -> #DIV/0! | AR110: =AR109*0.1 -> #DIV/0! | AS110: =AS109*0.1 -> #DIV/0! | ... AV110: =AV109*0.1 -> #DIV/0!
AH113: 5.) FIRST PASS Yield - Percentage(Total) | AJ113: 45352 | AK113: 45383 | AL113: 45413 | AM113: 45444 | AN113: 45474 | AO113: 45505 | AP113: 45536 | AQ113: 45566 | AR113: 45597 | AS113: 45627 | AT113: 45658 | AU113: 45689 | AV113: 45717
AH114: =(AV114-AJ114)/12 -> 4.1666667e-05 | AI114: Performance | AJ114: =$AV$117 -> 0.9976 | AK114: 0.99764167 | AL114: =AK114+$AH$114 -> 0.99768333 | AM114: =AL114+$AH$114 -> 0.997725 | AN114: =AM114+$AH$114 -> 0.99776667 | AO114: =AN114+$AH$114 -> 0.99780833 | AP114: =AO114+$AH$114 -> 0.99785 | AQ114: =AP114+$AH$114 -> 0.99789167 | AR114: =AQ114+$AH$114 -> 0.99793333 | AS114: =AR114+$AH$114 -> 0.997975 | ... AU114: =AT114+$AH$114 -> 0.99805833 | AV114: 0.9981
AH115: =(AV115-AJ115)/12 -> 3.3333333e-05 | AI115: Performance | AJ115: =$AV$117 -> 0.9976 | AK115: 0.99763333 | AL115: =AK115+$AH$115 -> 0.99766667 | AM115: =AL115+$AH$115 -> 0.9977 | AN115: =AM115+$AH$115 -> 0.99773333 | AO115: =AN115+$AH$115 -> 0.99776667 | AP115: =AO115+$AH$115 -> 0.9978 | AQ115: =AP115+$AH$115 -> 0.99783333 | AR115: =AQ115+$AH$115 -> 0.99786667 | AS115: =AR115+$AH$115 -> 0.9979 | ... AU115: =AT115+$AH$115 -> 0.99796667 | AV115: =AV114-(AV114-AV117)*0.2 -> 0.998
AH116: =(AV116-AJ116)/12 -> 2.0833333e-05 | AI116: Performance | AJ116: =$AV$117 -> 0.9976 | AK116: 0.99762083 | AL116: =++AK116+$AH$116 -> 0.99764167 | AM116: =++AL116+$AH$116 -> 0.9976625 | AN116: =++AM116+$AH$116 -> 0.99768333 | AO116: =++AN116+$AH$116 -> 0.99770417 | AP116: =++AO116+$AH$116 -> 0.997725 | AQ116: =++AP116+$AH$116 -> 0.99774583 | AR116: =++AQ116+$AH$116 -> 0.99776667 | AS116: =++AR116+$AH$116 -> 0.9977875 | ... AU116: =++AT116+$AH$116 -> 0.99782917 | AV116: =AV114-(AV114-AV117)*0.5 -> 0.99785
AH117: =(AV117-AJ117)/12 -> 0 | AJ117: =$AV$117 -> 0.9976 | AK117: 0.9976 | AL117: =++AK117+$AH$117 -> 0.9976 | AM117: =++AL117+$AH$117 -> 0.9976 | AN117: =++AM117+$AH$117 -> 0.9976 | AO117: =++AN117+$AH$117 -> 0.9976 | AP117: =++AO117+$AH$117 -> 0.9976 | AQ117: =++AP117+$AH$117 -> 0.9976 | AR117: =++AQ117+$AH$117 -> 0.9976 | AS117: =++AR117+$AH$117 -> 0.9976 | ... AU117: =++AT117+$AH$117 -> 0.9976 | AV117: 0.9976
AH118: Actual Performance | AK118: 0.99767154 | AL118: =AL119/AL120 -> 0.99842586 | AM118: =AM119/AM120 -> 0.99805261 | AN118: =AN119/AN120 -> 0.99775597 | AO118: =AO119/AO120 -> 0.99757499 | AP118: =AP119/AP120 -> #DIV/0! | AQ118: =AQ119/AQ120 -> #DIV/0! | AR118: =AR119/AR120 -> #DIV/0! | AS118: =AS119/AS120 -> #DIV/0! | ... AV118: =AV119/AV120 -> #DIV/0!
AH119: Output Qty | AK119: 4216136 | AL119: =AL105 -> 4151918 | AM119: =AM105 -> 3449693 | AN119: =AN105 -> 3524105 | AO119: =AO105 -> 2659910 | AP119: =AP105 -> 0 | AQ119: =AQ105 -> 0 | AR119: =AR105 -> 0 | AS119: =AS105 -> 0 | ... AV119: =AV105 -> 0 | AX119: =SUM(AK119:AM119) -> 11817747
AH120: Input Qty | AK120: 4225976 | AL120: =AL106 -> 4158464 | AM120: =AM106 -> 3456424 | AN120: =AN106 -> 3532031 | AO120: =AO106 -> 2666376 | AP120: =AP106 -> 0 | AQ120: =AQ106 -> 0 | AR120: =AR106 -> 0 | AS120: =AS106 -> 0 | ... AV120: =AV106 -> 0 | AX120: =SUM(AK120:AM120) -> 11840864
AH121: Achievement Rate | AK121: 1.7170513 | AL121: =(AL118-AL117)/(AL114-AL117) -> 9.910333 | AM121: =(AM118-AM117)/(AM114-AM117) -> 3.6208928 | AN121: =(AN118-AN117)/(AN114-AN117) -> 0.93579201 | AO121: =(AO118-AO117)/(AO114-AO117) -> -0.12006877 | AP121: =(AP118-AP117)/(AP114-AP117) -> #DIV/0! | AQ121: =(AQ118-AQ117)/(AQ114-AQ117) -> #DIV/0! | AR121: =(AR118-AR117)/(AR114-AR117) -> #DIV/0! | AS121: =(AS118-AS117)/(AS114-AS117) -> #DIV/0! | ... AV121: =(AV118-AV117)/(AV114-AV117) -> #DIV/0! | AX121: =AX119/AX120 -> 0.99804769
AH122: Achievement Rate (Conditional) | AK122: 1 | AL122: =IF(OR(AL121>=100%),100%,IF(OR(AL121<=0%),0%,AVERAGE(AL121))) -> 1 | AM122: =IF(OR(AM121>=100%),100%,IF(OR(AM121<=0%),0%,AVERAGE(AM121))) -> 1 | AN122: =IF(OR(AN121>=100%),100%,IF(OR(AN121<=0%),0%,AVERAGE(AN121))) -> 0.93579201 | AO122: =IF(OR(AO121>=100%),100%,IF(OR(AO121<=0%),0%,AVERAGE(AO121))) -> 0 | AP122: =IF(OR(AP121>=100%),100%,IF(OR(AP121<=0%),0%,AVERAGE(AP121))) -> #DIV/0! | AQ122: =IF(OR(AQ121>=100%),100%,IF(OR(AQ121<=0%),0%,AVERAGE(AQ121))) -> #DIV/0! | AR122: =IF(OR(AR121>=100%),100%,IF(OR(AR121<=0%),0%,AVERAGE(AR121))) -> #DIV/0! | AS122: =IF(OR(AS121>=100%),100%,IF(OR(AS121<=0%),0%,AVERAGE(AS121))) -> #DIV/0! | ... AV122: =IF(OR(AV121>=100%),100%,IF(OR(AV121<=0%),0%,AVERAGE(AV121))) -> #DIV/0!
AG123: 10 | AH123: WEIGHTED AVERAGE | AK123: =AK122*0.1 -> 0.1 | AL123: =AL122*0.1 -> 0.1 | AM123: =AM122*0.1 -> 0.1 | AN123: =AN122*0.1 -> 0.093579201 | AO123: =AO122*0.1 -> 0 | AP123: =AP122*0.1 -> #DIV/0! | AQ123: =AQ122*0.1 -> #DIV/0! | AR123: =AR122*0.1 -> #DIV/0! | ... AV123: =AV122*0.1 -> #DIV/0!
AH126: 6) FIRST PASS Yield - Dppm (Automotive) | AJ126: 45352 | AK126: 45383 | AL126: 45413 | AM126: 45444 | AN126: 45474 | AO126: 45505 | AP126: 45536 | AQ126: 45566 | AR126: 45597 | AS126: 45627 | AT126: 45658 | AU126: 45689 | AV126: 45717
AH127: =(AV127-AJ127)/12 -> -32 | AI127: Performance | AJ127: =$AV$130 -> 2558 | AK127: 2526 | AL127: =AK127+$AH$127 -> 2494 | AM127: =AL127+$AH$127 -> 2462 | AN127: =AM127+$AH$127 -> 2430 | AO127: =AN127+$AH$127 -> 2398 | AP127: =AO127+$AH$127 -> 2366 | AQ127: =AP127+$AH$127 -> 2334 | AR127: =AQ127+$AH$127 -> 2302 | AS127: =AR127+$AH$127 -> 2270 | ... AU127: =AT127+$AH$127 -> 2206 | AV127: 2174
AH128: =(AV128-AJ128)/12 -> -25.6 | AI128: Performance | AJ128: =$AV$130 -> 2558 | AK128: 2532.4 | AL128: =++AK128+$AH$128 -> 2506.8 | AM128: =++AL128+$AH$128 -> 2481.2 | AN128: =++AM128+$AH$128 -> 2455.6 | AO128: =++AN128+$AH$128 -> 2430 | AP128: =++AO128+$AH$128 -> 2404.4 | AQ128: =++AP128+$AH$128 -> 2378.8 | AR128: =++AQ128+$AH$128 -> 2353.2 | AS128: =++AR128+$AH$128 -> 2327.6 | ... AU128: =++AT128+$AH$128 -> 2276.4 | AV128: =AV127-(AV127-AV130)*0.2 -> 2250.8
AH129: =(AV129-AJ129)/12 -> -16 | AI129: Performance | AJ129: =$AV$130 -> 2558 | AK129: 2542 | AL129: =++AK129+$AH$129 -> 2526 | AM129: =++AL129+$AH$129 -> 2510 | AN129: =++AM129+$AH$129 -> 2494 | AO129: =++AN129+$AH$129 -> 2478 | AP129: =++AO129+$AH$129 -> 2462 | AQ129: =++AP129+$AH$129 -> 2446 | AR129: =++AQ129+$AH$129 -> 2430 | AS129: =++AR129+$AH$129 -> 2414 | ... AU129: =++AT129+$AH$129 -> 2382 | AV129: =AV127-(AV127-AV130)*0.5 -> 2366
AH130: =(AV130-AJ130)/12 -> 0 | AJ130: =$AV$130 -> 2558 | AK130: 2558 | AL130: =++AK130+$AH$130 -> 2558 | AM130: =++AL130+$AH$130 -> 2558 | AN130: =++AM130+$AH$130 -> 2558 | AO130: =++AN130+$AH$130 -> 2558 | AP130: =++AO130+$AH$130 -> 2558 | AQ130: =++AP130+$AH$130 -> 2558 | AR130: =++AQ130+$AH$130 -> 2558 | AS130: =++AR130+$AH$130 -> 2558 | ... AU130: =++AT130+$AH$130 -> 2558 | AV130: 2558
AH131: Actual Performance (Yield Dppm) | AK131: 1848.8478 | AL131: =AL135/AL134*1000000 -> 963.72087 | AM131: =AM135/AM134*1000000 -> 1402.3609 | AN131: =AN135/AN134*1000000 -> 1681.4683 | AO131: =AO135/AO134*1000000 -> 2628.3013 | AP131: =AP135/AP134*1000000 -> #DIV/0! | AQ131: =AQ135/AQ134*1000000 -> #DIV/0! | AR131: =AR135/AR134*1000000 -> #DIV/0! | AS131: =AS135/AS134*1000000 -> #DIV/0! | ... AV131: =AV135/AV134*1000000 -> #DIV/0!
AH132: Actual Performance (% Yield) | AK132: 0.99815115 | AL132: =AL133/AL134 -> 0.99903628 | AM132: =AM133/AM134 -> 0.99859764 | AN132: =AN133/AN134 -> 0.99831853 | AO132: =AO133/AO134 -> 0.9973534 | AP132: =AP133/AP134 -> #DIV/0! | AQ132: =AQ133/AQ134 -> #DIV/0! | AR132: =AR133/AR134 -> #DIV/0! | AS132: =AS133/AS134 -> #DIV/0! | ... AV132: =AV133/AV134 -> #DIV/0!
AI133: Total OUTPUT | AK133: 2633522 | AL133: 2787538 | AM133: 2139098 | AN133: 1682004 | AO133: 1089829 | AX133: =SUM(AK133:AM133) -> 7560158
AI134: Total INPUT | AK134: 2638400 | AL134: 2790227 | AM134: 2142102 | AN134: 1684837 | AO134: 1092721 | AX134: =SUM(AK134:AM134) -> 7570729
AI135: TTL NG | AK135: 4878 | AL135: 2689 | AM135: 3004 | AN135: 2833 | AO135: 2872 | AX135: =SUM(AK135:AM135) -> 10571
AH136: Achievement Rate | AK136: 22.161007 | AL136: =(AL131-AL130)/(AL127-AL130) -> 24.910611 | AM136: =(AM131-AM130)/(AM127-AM130) -> 12.037908 | AN136: =(AN131-AN130)/(AN127-AN130) -> 6.8479039 | AO136: =(AO131-AO130)/(AO127-AO130) -> -0.43938298 | AP136: =(AP131-AP130)/(AP127-AP130) -> #DIV/0! | AQ136: =(AQ131-AQ130)/(AQ127-AQ130) -> #DIV/0! | AR136: =(AR131-AR130)/(AR127-AR130) -> #DIV/0! | AS136: =(AS131-AS130)/(AS127-AS130) -> #DIV/0! | ... AV136: =(AV131-AV130)/(AV127-AV130) -> #DIV/0! | AX136: =AX135/AX134*1000000 -> 1396.2988
AH137: Achievement Rate (Conditional) | AK137: =IF(OR(AK136>=100%),100%,IF(OR(AK136<=0%),0%,AVERAGE(AK136))) -> 1 | AL137: =IF(OR(AL136>=100%),100%,IF(OR(AL136<=0%),0%,AVERAGE(AL136))) -> 1 | AM137: =IF(OR(AM136>=100%),100%,IF(OR(AM136<=0%),0%,AVERAGE(AM136))) -> 1 | AN137: =IF(OR(AN136>=100%),100%,IF(OR(AN136<=0%),0%,AVERAGE(AN136))) -> 1 | AO137: =IF(OR(AO136>=100%),100%,IF(OR(AO136<=0%),0%,AVERAGE(AO136))) -> 0 | AP137: =IF(OR(AP136>=100%),100%,IF(OR(AP136<=0%),0%,AVERAGE(AP136))) -> #DIV/0! | AQ137: =IF(OR(AQ136>=100%),100%,IF(OR(AQ136<=0%),0%,AVERAGE(AQ136))) -> #DIV/0! | AR137: =IF(OR(AR136>=100%),100%,IF(OR(AR136<=0%),0%,AVERAGE(AR136))) -> #DIV/0! | ... AV137: =IF(OR(AV136>=100%),100%,IF(OR(AV136<=0%),0%,AVERAGE(AV136))) -> #DIV/0!
AG138: 10 | AH138: WEIGHTED AVERAGE | AK138: =AK137*0.1 -> 0.1 | AL138: =AL137*0.1 -> 0.1 | AM138: =AM137*0.1 -> 0.1 | AN138: =AN137*0.1 -> 0.1 | AO138: =AO137*0.1 -> 0 | AP138: =AP137*0.1 -> #DIV/0! | AQ138: =AQ137*0.1 -> #DIV/0! | AR138: =AR137*0.1 -> #DIV/0! | ... AV138: =AV137*0.1 -> #DIV/0!
AH141: 7.) FIRST PASS Yield - Percentage (Automotive) | AJ141: 45352 | AK141: 45383 | AL141: 45413 | AM141: 45444 | AN141: 45474 | AO141: 45505 | AP141: 45536 | AQ141: 45566 | AR141: 45597 | AS141: 45627 | AT141: 45658 | AU141: 45689 | AV141: 45717
AH142: =(AV142-AJ142)/12 -> 8.3333333e-05 | AI142: Performance | AJ142: =$AV$145 -> 0.9974 | AK142: 0.99748333 | AL142: =AK142+$AH$142 -> 0.99756667 | AM142: =AL142+$AH$142 -> 0.99765 | AN142: =AM142+$AH$142 -> 0.99773333 | AO142: =AN142+$AH$142 -> 0.99781667 | AP142: =AO142+$AH$142 -> 0.9979 | AQ142: =AP142+$AH$142 -> 0.99798333 | AR142: =AQ142+$AH$142 -> 0.99806667 | AS142: =AR142+$AH$142 -> 0.99815 | ... AU142: =AT142+$AH$142 -> 0.99831667 | AV142: 0.9984
AH143: =(AV143-AJ143)/12 -> 6.6666667e-05 | AI143: Performance | AJ143: =$AV$145 -> 0.9974 | AK143: 0.99746667 | AL143: =AK143+$AH$143 -> 0.99753333 | AM143: =AL143+$AH$143 -> 0.9976 | AN143: =AM143+$AH$143 -> 0.99766667 | AO143: =AN143+$AH$143 -> 0.99773333 | AP143: =AO143+$AH$143 -> 0.9978 | AQ143: =AP143+$AH$143 -> 0.99786667 | AR143: =AQ143+$AH$143 -> 0.99793333 | AS143: =AR143+$AH$143 -> 0.998 | ... AU143: =AT143+$AH$143 -> 0.99813333 | AV143: =AV142-(AV142-AV145)*0.2 -> 0.9982
AH144: =(AV144-AJ144)/12 -> 4.1666667e-05 | AI144: Performance | AJ144: =$AV$145 -> 0.9974 | AK144: 0.99744167 | AL144: =++AK144+$AH$144 -> 0.99748333 | AM144: =++AL144+$AH$144 -> 0.997525 | AN144: =++AM144+$AH$144 -> 0.99756667 | AO144: =++AN144+$AH$144 -> 0.99760833 | AP144: =++AO144+$AH$144 -> 0.99765 | AQ144: =++AP144+$AH$144 -> 0.99769167 | AR144: =++AQ144+$AH$144 -> 0.99773333 | AS144: =++AR144+$AH$144 -> 0.997775 | ... AU144: =++AT144+$AH$144 -> 0.99785833 | AV144: =AV142-(AV142-AV145)*0.5 -> 0.9979
AH145: =(AV145-AJ145)/12 -> 0 | AJ145: =$AV$145 -> 0.9974 | AK145: 0.9974 | AL145: =$AV$145 -> 0.9974 | AM145: =$AV$145 -> 0.9974 | AN145: =$AV$145 -> 0.9974 | AO145: =$AV$145 -> 0.9974 | AP145: =$AV$145 -> 0.9974 | AQ145: =$AV$145 -> 0.9974 | AR145: =$AV$145 -> 0.9974 | AS145: =$AV$145 -> 0.9974 | ... AU145: =$AV$145 -> 0.9974 | AV145: 0.9974
AH146: Actual Performance | AK146: 0.99815115 | AL146: =AL147/AL148 -> 0.99903628 | AM146: =AM147/AM148 -> 0.99859764 | AN146: =AN147/AN148 -> 0.99831853 | AO146: =AO147/AO148 -> 0.9973534 | AP146: =AP147/AP148 -> #DIV/0! | AQ146: =AQ147/AQ148 -> #DIV/0! | AR146: =AR147/AR148 -> #DIV/0! | AS146: =AS147/AS148 -> #DIV/0! | ... AV146: =AV147/AV148 -> #DIV/0!
AH147: Output Qty | AK147: 2633522 | AL147: =+AL133 -> 2787538 | AM147: =+AM133 -> 2139098 | AN147: =+AN133 -> 1682004 | AO147: =+AO133 -> 1089829 | AP147: =+AP133 -> 0 | AQ147: =AQ133 -> 0 | AR147: =AR133 -> 0 | AS147: =AS133 -> 0 | AT147: =AT133 -> 0 | AU147: =AU133 -> 0 | AV147: =AV133 -> 0 | AX147: =SUM(AK147:AM147) -> 7560158
AH148: Input Qty | AK148: 2638400 | AL148: =+AL134 -> 2790227 | AM148: =+AM134 -> 2142102 | AN148: =+AN134 -> 1684837 | AO148: =+AO134 -> 1092721 | AP148: =+AP134 -> 0 | AQ148: =AQ134 -> 0 | AR148: =AR134 -> 0 | AS148: =AS134 -> 0 | AT148: =AT134 -> 0 | AU148: =AU134 -> 0 | AV148: =AV134 -> 0 | AX148: =SUM(AK148:AM148) -> 7570729
AH149: Achievement Rate | AK149: =(AK146-AK145)/(AK142-AK145) -> 9.0138266 | AL149: =(AL146-AL145)/(AL142-AL145) -> 9.8176748 | AM149: =(AM146-AM145)/(AM142-AM145) -> 4.7905566 | AN149: =(AN146-AN145)/(AN142-AN145) -> 2.7555951 | AO149: =(AO146-AO145)/(AO142-AO145) -> -0.11185011 | AP149: =(AP146-AP145)/(AP142-AP145) -> #DIV/0! | AQ149: =(AQ146-AQ145)/(AQ142-AQ145) -> #DIV/0! | AR149: =(AR146-AR145)/(AR142-AR145) -> #DIV/0! | ... AV149: =(AV146-AV145)/(AV142-AV145) -> #DIV/0! | AX149: =AX147/AX148 -> 0.9986037
AH150: Achievement Rate (Conditional) | AK150: =IF(OR(AK149>=100%),100%,IF(OR(AK149<=0%),0%,AVERAGE(AK149))) -> 1 | AL150: =IF(OR(AL149>=100%),100%,IF(OR(AL149<=0%),0%,AVERAGE(AL149))) -> 1 | AM150: =IF(OR(AM149>=100%),100%,IF(OR(AM149<=0%),0%,AVERAGE(AM149))) -> 1 | AN150: =IF(OR(AN149>=100%),100%,IF(OR(AN149<=0%),0%,AVERAGE(AN149))) -> 1 | AO150: =IF(OR(AO149>=100%),100%,IF(OR(AO149<=0%),0%,AVERAGE(AO149))) -> 0 | AP150: =IF(OR(AP149>=100%),100%,IF(OR(AP149<=0%),0%,AVERAGE(AP149))) -> #DIV/0! | AQ150: =IF(OR(AQ149>=100%),100%,IF(OR(AQ149<=0%),0%,AVERAGE(AQ149))) -> #DIV/0! | AR150: =IF(OR(AR149>=100%),100%,IF(OR(AR149<=0%),0%,AVERAGE(AR149))) -> #DIV/0! | ... AV150: =IF(OR(AV149>=100%),100%,IF(OR(AV149<=0%),0%,AVERAGE(AV149))) -> #DIV/0!
AG151: 10 | AH151: WEIGHTED AVERAGE | AK151: =AK150*0.1 -> 0.1 | AL151: =AL150*0.1 -> 0.1 | AM151: =AM150*0.1 -> 0.1 | AN151: =AN150*0.1 -> 0.1 | AO151: =AO150*0.1 -> 0 | AP151: =AP150*0.1 -> #DIV/0! | AQ151: =AQ150*0.1 -> #DIV/0! | AR151: =AR150*0.1 -> #DIV/0! | ... AV151: =AV150*0.1 -> #DIV/0!
AH153: Actual loss cost | AK153: 2.83 | AL153: 2.8 | AM153: 2.71 | AN153: 4.03 | AO153: =2890.12/1000 -> 2.89012
...

Sheet YF
A2: =AO204 -> 1 | B2: Action Plan | E2: Division / Section: | I2: YF | R2: Ref. No.: | Z2: Approved (sign)
B3: Theme | E3: Responsible Person | I3: Team Members | R3: Date Prepared: | T3: 45544 | Z3: ESM/EAN/RNS
A4: Key 11 | B4: Quality Assurance System | E4: Jezelle Alcantara | I4: Vilma Medrano / Axl Villanueva | R4: Approval: | T4: GBR
A5: Aiming for Improvement | B5: Slogan | E5: Area | I5: Objective | R5: Evaluation Factor Customer Claim | T5: Evaluation Factor First Pass Yield / Dppm | V5: Evaluation Factor First Pass Yield / Dppm (Automotive) | X5: Evaluation Factor OQC LAR / Dppm | Z5: Evaluation Factor OQC LAR / Dppm (Automotive) | AB5: Evaluation Factor Loss Cost Ratio to Sales
B6: Let's apply QA system on countermeasures at the source | E6: YF | I6: <> Boost Efficiency and Quality with Higher YIELD / Lower DPPM for Better Performance | R6: FY23 | S6: FY 24Tgt | T6: FY23 | U6: FY 24Tgt | V6: FY23 | W6: FY 24Tgt | X6: FY23 | Y6: FY 24Tgt | Z6: FY23 | AA6: FY 24Tgt | AB6: FY23 | AC6: FY 24Tgt
I7: <> Enhance Outgoing LAR while Decreasing DPPM | R7: Class A 0 | S7: Class A 0 | T7: 0.9996 | U7: 0.9998 | V7: 0.9995 | W7: 0.9996 | X7: 1 | Y7: 1 | Z7: 1 | AA7: 1 | AB7: 0.0003 | AC7: 0.0003
I8: <> Customer Satisfaction Enhancement: Minimizing Customer’s Complaints
I9: <> Attainment of Company-Wide Loss Cost Ratio to Sales Goal
R10: Class B/C 0 | S10: Class B/C 0 | T10: 432 | U10: 367 | V10: 472 | W10: 420 | X10: 0 | Y10: 0 | Z10: 0 | AA10: 0
A13: No | B13: Actions | E13: Person | F13: Apr | G13: May | H13: Jun | I13: Jul | J13: Aug | K13: Sep | L13: Oct | M13: Nov | N13: Dec | O13: Jan | P13: Feb | Q13: Mar | R13: Follow-up by Responsible Person | Z13: Comments from Manager
A14: 1 | B14: System Improvement through automation <>Automation of product dimension result | E14: Belen/Axl | R14: April | S14: Implement item 3,4 & 5 to minimize loss cost | Z14: GBR | AA14: Monitor the progress of Plans & Programs action items to sustain on-target performance
B15: Automation of In-line Monitoring and quality feedback recording | E15: RDM / Belen/ Jezelle | R15: 45413 | S15: Start to plan for item#6 to speed up the processing of shipment label | Z15: GBR | AA15: Include the defect escalation monitoring during weekly line performance assessment
B16: Limit set-up material to a maximum 5pcs or 1 panel | E16: Vilma/Axl | R16: 45444 | S16: Continue to implement all actions derived in Q1 to maintain the good performance. | Z16: GBR | AA16: Focus on yield Dppm reduction -system enhancement 1) control of prod NG by controlling the parts usage during machine conversion 2) change the defect escalation rule for immediate analysis & improvement
B17: Elevate the Defect Escalation System from 3 to 1 piece for the major process (eg. machine & visual) | E17: Vilma/Axl/ Belen | R17: 45474 | S17: To complete the system of Inline monitoring and quality feedback recording( Automation) | Z17: GBR | AA17: Focus on yield Dppm reduction through system enhancement 1) control of prod NG by controlling the parts usage during machine conversion 2) change the defect escalation rule for immediate analysis & improvement
B18: Implement 1 day lead time from the date received  Existing: Once parts /materials are complete | E18: Acel | R18: 45505 | S18: The system for improvement through automation during measurement data gathering has been completed. Need to monitor the effectiveness of this system. | Z18: GBR
B19: Process simplification of shipment label | E19: Vilma /Axl /Belen
B20: Implement CAPA validation onsite using 8D report validation process | E20: RDM / Belen/ Jezelle
AJ50: Pink cell should be updated
AH51: YF Section
AH52: 1.) Customer Claim (Class A) | AJ52: 45352 | AK52: 45383 | AL52: 45413 | AM52: 45444 | AN52: 45474 | AO52: 45505 | AP52: 45536 | AQ52: 45566 | AR52: 45597 | AS52: 45627 | AT52: 45658 | AU52: 45689 | AV52: 45717
AH53: =(AV53-AJ53)/12 -> 0 | AJ53: =$AV$53 -> 0 | AK53: =AJ53+$AH$53 -> 0 | AL53: =AK53+$AH$53 -> 0 | AM53: =AL53+$AH$53 -> 0 | AN53: =AM53+$AH$53 -> 0 | AO53: =AN53+$AH$53 -> 0 | AP53: =AO53+$AH$53 -> 0 | AQ53: =AP53+$AH$53 -> 0 | AR53: =AQ53+$AH$53 -> 0 | ... AU53: =AT53+$AH$53 -> 0 | AV53: 0
AH54: =(AV54-AJ54)/12 -> 0 | AI54: Performance | AJ54: =$AV$53 -> 0 | AK54: =AJ54+$AH$54 -> 0 | AL54: =AK54+$AH$54 -> 0 | AM54: =AL54+$AH$54 -> 0 | AN54: =AM54+$AH$54 -> 0 | AO54: =AN54+$AH$54 -> 0 | AP54: =AO54+$AH$54 -> 0 | AQ54: =AP54+$AH$54 -> 0 | AR54: =AQ54+$AH$54 -> 0 | ... AU54: =AT54+$AH$54 -> 0 | AV54: =AV53-(AV53-AV56)*0.5 -> 0
AH55: =(AV55-AJ55)/12 -> 0 | AI55: Performance | AJ55: =$AV$53 -> 0 | AK55: =AJ55+$AH$55 -> 0 | AL55: =AK55+$AH$55 -> 0 | AM55: =AL55+$AH$55 -> 0 | AN55: =AM55+$AH$55 -> 0 | AO55: =AN55+$AH$55 -> 0 | AP55: =AO55+$AH$55 -> 0 | AQ55: =AP55+$AH$55 -> 0 | AR55: =AQ55+$AH$55 -> 0 | ... AU55: =AT55+$AH$55 -> 0 | AV55: =AV53-(AV53-AV56)*0.8 -> 0
AH56: =(AV56-AJ56)/12 -> 0 | AI56: Performance | AJ56: =$AV$53 -> 0 | AK56: =AJ56+$AH$56 -> 0 | AL56: =AK56+$AH$56 -> 0 | AM56: =AL56+$AH$56 -> 0 | AN56: =AM56+$AH$56 -> 0 | AO56: =AN56+$AH$56 -> 0 | AP56: =AO56+$AH$56 -> 0 | AQ56: =AP56+$AH$56 -> 0 | AR56: =AQ56+$AH$56 -> 0 | ... AU56: =AT56+$AH$56 -> 0 | AV56: 0
AH57: Accum. Actual Performance | AK57: =AK59 -> 0 | AL57: =AK57+AL59 -> 0 | AM57: =AL57+AM59 -> 0 | AN57: =AM57+AN59 -> 0 | AO57: =AN57+AO59 -> 0 | AP57: =AO57+AP59 -> 0 | AQ57: =AP57+AQ59 -> 0 | AR57: =AQ57+AR59 -> 0 | AS57: =AR57+AS59 -> 0 | ... AU57: =AT57+AU59 -> 0 | AV57: 0
AH59: Actual Performance | AK59: 0 | AL59: 0 | AM59: 0 | AN59: 0 | AO59: 0
AK60: =AK59 -> 0 | AL60: =AL59 -> 0 | AM60: =AM59 -> 0 | AN60: =AN59 -> 0 | AO60: =AO59 -> 0 | AP60: =AP59 -> 0 | AQ60: =AQ59 -> 0 | AR60: =AR59 -> 0 | ... AV60: =AV59 -> 0
AH61: Achievement Rate | AK61: 1 | AL61: 1 | AM61: 1 | AN61: 1 | AO61: 1 | AP61: 1 | AQ61: 1 | AR61: 1 | AS61: 1 | AT61: 1 | AU61: 1 | AV61: 1
Q62: ` | AH62: Achievement Rate (Conditional) | AK62: 1 | AL62: =IF(OR(AL61>=100%),100%,IF(OR(AL61<=0%),0%,AVERAGE(AL61))) -> 1 | AM62: =IF(OR(AM61>=100%),100%,IF(OR(AM61<=0%),0%,AVERAGE(AM61))) -> 1 | AN62: =IF(OR(AN61>=100%),100%,IF(OR(AN61<=0%),0%,AVERAGE(AN61))) -> 1 | AO62: =IF(OR(AO61>=100%),100%,IF(OR(AO61<=0%),0%,AVERAGE(AO61))) -> 1 | AP62: =IF(OR(AP61>=100%),100%,IF(OR(AP61<=0%),0%,AVERAGE(AP61))) -> 1 | AQ62: =IF(OR(AQ61>=100%),100%,IF(OR(AQ61<=0%),0%,AVERAGE(AQ61))) -> 1 | AR62: =IF(OR(AR61>=100%),100%,IF(OR(AR61<=0%),0%,AVERAGE(AR61))) -> 1 | AS62: =IF(OR(AS61>=100%),100%,IF(OR(AS61<=0%),0%,AVERAGE(AS61))) -> 1 | ... AV62: =IF(OR(AV61>=100%),100%,IF(OR(AV61<=0%),0%,AVERAGE(AV61))) -> 1
AH63: WEIGHTED AVERAGE | AK63: =AK62*0.05 -> 0.05 | AL63: =AL62*0.05 -> 0.05 | AM63: =AM62*0.05 -> 0.05 | AN63: =AN62*0.05 -> 0.05 | AO63: =AO62*0.05 -> 0.05 | AP63: =AP62*0.05 -> 0.05 | AQ63: =AQ62*0.05 -> 0.05 | AR63: =AR62*0.05 -> 0.05 | ... AV63: =AV62*0.05 -> 0.05
AH66: 2) Customer Claim (Class B/C) | AJ66: 45352 | AK66: 45383 | AL66: 45413 | AM66: 45444 | AN66: 45474 | AO66: 45505 | AP66: 45536 | AQ66: 45566 | AR66: 45597 | AS66: 45627 | AT66: 45658 | AU66: 45689 | AV66: 45717
AH67: =(AV67-AJ67)/12 -> 0 | AJ67: =AV67 -> 0 | AK67: =AJ67+$AH$67 -> 0 | AL67: =AK67+$AH$67 -> 0 | AM67: =AL67+$AH$67 -> 0 | AN67: =AM67+$AH$67 -> 0 | AO67: =AN67+$AH$67 -> 0 | AP67: =AO67+$AH$67 -> 0 | AQ67: =AP67+$AH$67 -> 0 | AR67: =AQ67+$AH$67 -> 0 | ... AU67: =AT67+$AH$67 -> 0 | AV67: 0
AH68: =(AV68-AJ68)/12 -> 0 | AI68: Performance | AJ68: =AV67 -> 0 | AK68: =AJ68+$AH$68 -> 0 | AL68: =AK68+$AH$68 -> 0 | AM68: =AL68+$AH$68 -> 0 | AN68: =AM68+$AH$68 -> 0 | AO68: =AN68+$AH$68 -> 0 | AP68: =AO68+$AH$68 -> 0 | AQ68: =AP68+$AH$68 -> 0 | AR68: =AQ68+$AH$68 -> 0 | ... AU68: =AT68+$AH$68 -> 0 | AV68: =AV67-(AV67-AV70)*0.5 -> 0
AH69: =(AV69-AJ69)/12 -> 0 | AI69: Performance | AJ69: =AV67 -> 0 | AK69: =AJ69+$AH$69 -> 0 | AL69: =AK69+$AH$69 -> 0 | AM69: =AL69+$AH$69 -> 0 | AN69: =AM69+$AH$69 -> 0 | AO69: =AN69+$AH$69 -> 0 | AP69: =AO69+$AH$69 -> 0 | AQ69: =AP69+$AH$69 -> 0 | AR69: =AQ69+$AH$69 -> 0 | ... AU69: =AT69+$AH$69 -> 0 | AV69: =AV67-(AV67-AV70)*0.8 -> 0
AH70: =(AV70-AJ70)/12 -> 0 | AI70: Performance | AJ70: =AV67 -> 0 | AK70: =AJ70+$AH$70 -> 0 | AL70: =AK70+$AH$70 -> 0 | AM70: =AL70+$AH$70 -> 0 | AN70: =AM70+$AH$70 -> 0 | AO70: =AN70+$AH$70 -> 0 | AP70: =AO70+$AH$70 -> 0 | AQ70: =AP70+$AH$70 -> 0 | AR70: =AQ70+$AH$70 -> 0 | ... AU70: =AT70+$AH$70 -> 0 | AV70: 0
AH71: Accum. Actual Performance | AK71: =AK73 -> 0 | AL71: =AK71+AL73 -> 0 | AM71: =AL71+AM73 -> 0 | AN71: =AM71+AN73 -> 0 | AO71: =AN71+AO73 -> 0 | AP71: =AO71+AP73 -> 0 | AQ71: =AP71+AQ73 -> 0 | AR71: =AQ71+AR73 -> 0 | AS71: =AR71+AS73 -> 0 | ... AV71: =AU71+AV73 -> 0
AH73: Actual Performance | AK73: 0 | AL73: 0 | AM73: 0 | AN73: 0 | AO73: 0 | AP73: 0 | AQ73: 0 | AR73: 0 | AS73: 0 | AT73: 0 | AU73: 0 | AV73: 0
AK74: =AK73 -> 0 | AL74: =AL73 -> 0 | AM74: =AM73 -> 0 | AN74: =AN73 -> 0 | AO74: =AO73 -> 0 | AP74: =AP73 -> 0 | AQ74: =AQ73 -> 0 | AR74: =AR73 -> 0 | ... AV74: =AV73 -> 0
AH75: Achievement Rate | AK75: 1 | AL75: 1 | AM75: 1 | AN75: 1 | AO75: 1 | AP75: 1 | AQ75: 1 | AR75: 1 | AS75: 1 | AT75: 1 | AU75: 1 | AV75: 1
AH76: Achievement Rate (Conditional) | AK76: 1 | AL76: 1 | AM76: 1 | AN76: =IF(OR(AN75>=100%),100%,IF(OR(AN75<=0%),0%,AVERAGE(AN75))) -> 1 | AO76: =IF(OR(AO75>=100%),100%,IF(OR(AO75<=0%),0%,AVERAGE(AO75))) -> 1 | AP76: =IF(OR(AP75>=100%),100%,IF(OR(AP75<=0%),0%,AVERAGE(AP75))) -> 1 | AQ76: =IF(OR(AQ75>=100%),100%,IF(OR(AQ75<=0%),0%,AVERAGE(AQ75))) -> 1 | AR76: =IF(OR(AR75>=100%),100%,IF(OR(AR75<=0%),0%,AVERAGE(AR75))) -> 1 | AS76: =IF(OR(AS75>=100%),100%,IF(OR(AS75<=0%),0%,AVERAGE(AS75))) -> 1 | AT76: =IF(OR(AT75>=100%),100%,IF(OR(AT75<=0%),0%,AVERAGE(AT75))) -> 1 | AU76: =IF(OR(AU75>=100%),100%,IF(OR(AU75<=0%),0%,AVERAGE(AU75))) -> 1 | AV76: =IF(OR(AV75>=100%),100%,IF(OR(AV75<=0%),0%,AVERAGE(AV75))) -> 1
AH77: WEIGHTED AVERAGE | AK77: =AK76*0.05 -> 0.05 | AL77: =AL76*0.05 -> 0.05 | AM77: =AM76*0.05 -> 0.05 | AN77: =AN76*0.05 -> 0.05 | AO77: =AO76*0.05 -> 0.05 | AP77: =AP76*0.05 -> 0.05 | AQ77: =AQ76*0.05 -> 0.05 | AR77: =AR76*0.05 -> 0.05 | ... AV77: =AV76*0.05 -> 0.05
AH81: 3.) FIRST PASS Yield - Dppm (Total) | AJ81: 45352 | AK81: 45383 | AL81: 45413 | AM81: 45444 | AN81: 45474 | AO81: 45505 | AP81: 45536 | AQ81: 45566 | AR81: 45597 | AS81: 45627 | AT81: 45658 | AU81: 45689 | AV81: 45717
AH82: =(AV82-AJ82)/12 -> -5.4166667 | AI82: Performance | AJ82: =$AV$85 -> 432 | AK82: =++AJ82+$AH$82 -> 426.58333 | AL82: =++AK82+$AH$82 -> 421.16667 | AM82: =++AL82+$AH$82 -> 415.75 | AN82: =++AM82+$AH$82 -> 410.33333 | AO82: =++AN82+$AH$82 -> 404.91667 | AP82: =++AO82+$AH$82 -> 399.5 | AQ82: =++AP82+$AH$82 -> 394.08333 | AR82: =++AQ82+$AH$82 -> 388.66667 | ... AU82: =++AT82+$AH$82 -> 372.41667 | AV82: 367
AH83: =(AV83-AJ83)/12 -> -4.3333333 | AI83: Performance | AJ83: =$AV$85 -> 432 | AK83: =++AJ83+$AH$83 -> 427.66667 | AL83: =++AK83+$AH$83 -> 423.33333 | AM83: =++AL83+$AH$83 -> 419 | AN83: =++AM83+$AH$83 -> 414.66667 | AO83: =++AN83+$AH$83 -> 410.33333 | AP83: =++AO83+$AH$83 -> 406 | AQ83: =++AP83+$AH$83 -> 401.66667 | AR83: =++AQ83+$AH$83 -> 397.33333 | ... AU83: =++AT83+$AH$83 -> 384.33333 | AV83: =AV82-(AV82-AV85)*0.2 -> 380
AH84: =(AV84-AJ84)/12 -> -2.7083333 | AI84: Performance | AJ84: =$AV$85 -> 432 | AK84: =++AJ84+$AH$84 -> 429.29167 | AL84: =++AK84+$AH$84 -> 426.58333 | AM84: =++AL84+$AH$84 -> 423.875 | AN84: =++AM84+$AH$84 -> 421.16667 | AO84: =++AN84+$AH$84 -> 418.45833 | AP84: =++AO84+$AH$84 -> 415.75 | AQ84: =++AP84+$AH$84 -> 413.04167 | AR84: =++AQ84+$AH$84 -> 410.33333 | ... AU84: =++AT84+$AH$84 -> 402.20833 | AV84: =AV82-(AV82-AV85)*0.5 -> 399.5
AH85: =(AV85-AJ85)/12 -> 0 | AJ85: =$AV$85 -> 432 | AK85: =++AJ85+$AH$85 -> 432 | AL85: =++AK85+$AH$85 -> 432 | AM85: =++AL85+$AH$85 -> 432 | AN85: =++AM85+$AH$85 -> 432 | AO85: =++AN85+$AH$85 -> 432 | AP85: =++AO85+$AH$85 -> 432 | AQ85: =++AP85+$AH$85 -> 432 | AR85: =++AQ85+$AH$85 -> 432 | ... AU85: =++AT85+$AH$85 -> 432 | AV85: 432
AH86: Actual Performance (Yield Dppm) | AK86: =AK90/AK89*1000000 -> 315.19889 | AL86: =AL90/AL89*1000000 -> 302.07298 | AM86: =AM90/AM89*1000000 -> 215.20186 | AN86: =AN90/AN89*1000000 -> 201.81247 | AO86: =AO90/AO89*1000000 -> 205.67668 | AP86: =AP90/AP89*1000000 -> #DIV/0! | AQ86: =AQ90/AQ89*1000000 -> #DIV/0! | AR86: =AR90/AR89*1000000 -> #DIV/0! | ... AV86: =AV90/AV89*1000000 -> #DIV/0!
AH87: Actual Performance (% Yield) | AK87: =AK88/AK89 -> 0.9996848 | AL87: =AL88/AL89 -> 0.99969793 | AM87: =AM88/AM89 -> 0.9997848 | AN87: =AN88/AN89 -> 0.99979819 | AO87: =AO88/AO89 -> 0.99979432 | AP87: =AP88/AP89 -> #DIV/0! | AQ87: =AQ88/AQ89 -> #DIV/0! | AR87: =AR88/AR89 -> #DIV/0! | ... AV87: =AV88/AV89 -> #DIV/0!
AI88: Total OUTPUT | AK88: 63432 | AL88: 79427 | AM88: 92916 | AN88: 104036 | AO88: 97220
AI89: Total INPUT | AK89: 63452 | AL89: 79451 | AM89: 92936 | AN89: 104057 | AO89: 97240
AI90: TTL NG | AK90: =AK89-AK88 -> 20 | AL90: 24 | AM90: 20 | AN90: 21 | AO90: =AO89-AO88 -> 20
AH91: Achievement Rate | AK91: =(AK86-AK85)/(AK82-AK85) -> 21.563282 | AL91: =(AL86-AL85)/(AL82-AL85) -> 11.993264 | AM91: =(AM86-AM85)/(AM82-AM85) -> 13.341424 | AN91: =(AN86-AN85)/(AN82-AN85) -> 10.62404 | AO91: =(AO86-AO85)/(AO82-AO85) -> 8.3565535 | AP91: =(AP86-AP85)/(AP82-AP85) -> #DIV/0! | AQ91: =(AQ86-AQ85)/(AQ82-AQ85) -> #DIV/0! | AR91: =(AR86-AR85)/(AR82-AR85) -> #DIV/0! | ... AV91: =(AV86-AV85)/(AV82-AV85) -> #DIV/0!
AH92: Achievement Rate (Conditional) | AK92: =IF(OR(AK91>=100%),100%,IF(OR(AK91<=0%),0%,AVERAGE(AK91))) -> 1 | AL92: =IF(OR(AL91>=100%),100%,IF(OR(AL91<=0%),0%,AVERAGE(AL91))) -> 1 | AM92: =IF(OR(AM91>=100%),100%,IF(OR(AM91<=0%),0%,AVERAGE(AM91))) -> 1 | AN92: =IF(OR(AN91>=100%),100%,IF(OR(AN91<=0%),0%,AVERAGE(AN91))) -> 1 | AO92: =IF(OR(AO91>=100%),100%,IF(OR(AO91<=0%),0%,AVERAGE(AO91))) -> 1 | AP92: =IF(OR(AP91>=100%),100%,IF(OR(AP91<=0%),0%,AVERAGE(AP91))) -> #DIV/0! | AQ92: =IF(OR(AQ91>=100%),100%,IF(OR(AQ91<=0%),0%,AVERAGE(AQ91))) -> #DIV/0! | AR92: =IF(OR(AR91>=100%),100%,IF(OR(AR91<=0%),0%,AVERAGE(AR91))) -> #DIV/0! | ... AV92: =IF(OR(AV91>=100%),100%,IF(OR(AV91<=0%),0%,AVERAGE(AV91))) -> #DIV/0!
AH93: WEIGHTED AVERAGE | AK93: =AK92*0.1 -> 0.1 | AL93: =AL92*0.1 -> 0.1 | AM93: =AM92*0.1 -> 0.1 | AN93: =AN92*0.1 -> 0.1 | AO93: =AO92*0.1 -> 0.1 | AP93: =AP92*0.1 -> #DIV/0! | AQ93: =AQ92*0.1 -> #DIV/0! | AR93: =AR92*0.1 -> #DIV/0! | ... AV93: =AV92*0.1 -> #DIV/0!
AH96: 4.) FIRST PASS Yield - Percentage(Total) | AJ96: 45352 | AK96: 45383 | AL96: 45413 | AM96: 45444 | AN96: 45474 | AO96: 45505 | AP96: 45536 | AQ96: 45566 | AR96: 45597 | AS96: 45627 | AT96: 45658 | AU96: 45689 | AV96: 45717
AH97: =(AV97-AJ97)/12 -> 1.6666667e-05 | AI97: Performance | AJ97: =$AV$100 -> 0.9996 | AK97: =AJ97+$AH$97 -> 0.99961667 | AL97: =AK97+$AH$97 -> 0.99963333 | AM97: =AL97+$AH$97 -> 0.99965 | AN97: =AM97+$AH$97 -> 0.99966667 | AO97: =AN97+$AH$97 -> 0.99968333 | AP97: =AO97+$AH$97 -> 0.9997 | AQ97: =AP97+$AH$97 -> 0.99971667 | AR97: =AQ97+$AH$97 -> 0.99973333 | ... AU97: =AT97+$AH$97 -> 0.99978333 | AV97: 0.9998
AH98: =(AV98-AJ98)/12 -> 1.3333333e-05 | AI98: Performance | AJ98: =$AV$100 -> 0.9996 | AK98: =AJ98+$AH$98 -> 0.99961333 | AL98: =AK98+$AH$98 -> 0.99962667 | AM98: =AL98+$AH$98 -> 0.99964 | AN98: =AM98+$AH$98 -> 0.99965333 | AO98: =AN98+$AH$98 -> 0.99966667 | AP98: =AO98+$AH$98 -> 0.99968 | AQ98: =AP98+$AH$98 -> 0.99969333 | AR98: =AQ98+$AH$98 -> 0.99970667 | ... AU98: =AT98+$AH$98 -> 0.99974667 | AV98: =AV97-(AV97-AV100)*0.2 -> 0.99976
AH99: =(AV99-AJ99)/12 -> 8.3333333e-06 | AI99: Performance | AJ99: =$AV$100 -> 0.9996 | AK99: =++AJ99+$AH$99 -> 0.99960833 | AL99: =++AK99+$AH$99 -> 0.99961667 | AM99: =++AL99+$AH$99 -> 0.999625 | AN99: =++AM99+$AH$99 -> 0.99963333 | AO99: =++AN99+$AH$99 -> 0.99964167 | AP99: =++AO99+$AH$99 -> 0.99965 | AQ99: =++AP99+$AH$99 -> 0.99965833 | AR99: =++AQ99+$AH$99 -> 0.99966667 | ... AU99: =++AT99+$AH$99 -> 0.99969167 | AV99: =AV97-(AV97-AV100)*0.5 -> 0.9997
AH100: =(AV100-AJ100)/12 -> 0 | AJ100: =$AV$100 -> 0.9996 | AK100: =++AJ100+$AH$100 -> 0.9996 | AL100: =++AK100+$AH$100 -> 0.9996 | AM100: =++AL100+$AH$100 -> 0.9996 | AN100: =++AM100+$AH$100 -> 0.9996 | AO100: =++AN100+$AH$100 -> 0.9996 | AP100: =++AO100+$AH$100 -> 0.9996 | AQ100: =++AP100+$AH$100 -> 0.9996 | AR100: =++AQ100+$AH$100 -> 0.9996 | ... AU100: =++AT100+$AH$100 -> 0.9996 | AV100: 0.9996
AH101: Actual Performance | AK101: =AK102/AK103 -> 0.9996848 | AL101: =AL102/AL103 -> 0.99969793 | AM101: =AM102/AM103 -> 0.9997848 | AN101: =AN102/AN103 -> 0.99979819 | AO101: =AO102/AO103 -> 0.99979432 | AP101: =AP102/AP103 -> #DIV/0! | AQ101: =AQ102/AQ103 -> #DIV/0! | AR101: =AR102/AR103 -> #DIV/0! | ... AV101: =AV102/AV103 -> #DIV/0!
AH102: Output Qty | AK102: =AK88 -> 63432 | AL102: =AL88 -> 79427 | AM102: =AM88 -> 92916 | AN102: =AN88 -> 104036 | AO102: =AO88 -> 97220 | AP102: =AP88 -> 0 | AQ102: =AQ88 -> 0 | AR102: =AR88 -> 0 | ... AV102: =AV88 -> 0
AH103: Input Qty | AK103: =AK89 -> 63452 | AL103: =AL89 -> 79451 | AM103: =AM89 -> 92936 | AN103: =AN89 -> 104057 | AO103: =AO89 -> 97240 | AP103: =AP89 -> 0 | AQ103: =AQ89 -> 0 | AR103: =AR89 -> 0 | ... AV103: =AV89 -> 0
AH104: Achievement Rate | AK104: =(AK101-AK100)/(AK97-AK100) -> 5.0880666 | AL104: =(AL101-AL100)/(AL97-AL100) -> 2.9378107 | AM104: =(AM101-AM100)/(AM97-AM100) -> 3.6959628 | AN104: =(AN101-AN100)/(AN97-AN100) -> 2.972813 | AO104: =(AO101-AO100)/(AO97-AO100) -> 2.3318799 | AP104: =(AP101-AP100)/(AP97-AP100) -> #DIV/0! | AQ104: =(AQ101-AQ100)/(AQ97-AQ100) -> #DIV/0! | AR104: =(AR101-AR100)/(AR97-AR100) -> #DIV/0! | ... AV104: =(AV101-AV100)/(AV97-AV100) -> #DIV/0!
AH105: Achievement Rate (Conditional) | AK105: =IF(OR(AK104>=100%),100%,IF(OR(AK104<=0%),0%,AVERAGE(AK104))) -> 1 | AL105: =IF(OR(AL104>=100%),100%,IF(OR(AL104<=0%),0%,AVERAGE(AL104))) -> 1 | AM105: =IF(OR(AM104>=100%),100%,IF(OR(AM104<=0%),0%,AVERAGE(AM104))) -> 1 | AN105: =IF(OR(AN104>=100%),100%,IF(OR(AN104<=0%),0%,AVERAGE(AN104))) -> 1 | AO105: =IF(OR(AO104>=100%),100%,IF(OR(AO104<=0%),0%,AVERAGE(AO104))) -> 1 | AP105: =IF(OR(AP104>=100%),100%,IF(OR(AP104<=0%),0%,AVERAGE(AP104))) -> #DIV/0! | AQ105: =IF(OR(AQ104>=100%),100%,IF(OR(AQ104<=0%),0%,AVERAGE(AQ104))) -> #DIV/0! | AR105: =IF(OR(AR104>=100%),100%,IF(OR(AR104<=0%),0%,AVERAGE(AR104))) -> #DIV/0! | ... AV105: =IF(OR(AV104>=100%),100%,IF(OR(AV104<=0%),0%,AVERAGE(AV104))) -> #DIV/0!
AH106: WEIGHTED AVERAGE | AK106: =AK105*0.1 -> 0.1 | AL106: =AL105*0.1 -> 0.1 | AM106: =AM105*0.1 -> 0.1 | AN106: =AN105*0.1 -> 0.1 | AO106: =AO105*0.1 -> 0.1 | AP106: =AP105*0.1 -> #DIV/0! | AQ106: =AQ105*0.1 -> #DIV/0! | AR106: =AR105*0.1 -> #DIV/0! | ... AV106: =AV105*0.1 -> #DIV/0!
AH108: 5) FIRST PASS Yield - Dppm (Automotive) | AJ108: 45352 | AK108: 45383 | AL108: 45413 | AM108: 45444 | AN108: 45474 | AO108: 45505 | AP108: 45536 | AQ108: 45566 | AR108: 45597 | AS108: 45627 | AT108: 45658 | AU108: 45689 | AV108: 45717
AH109: =(AV109-AJ109)/12 -> -4.3333333 | AI109: Performance | AJ109: =$AV$112 -> 472 | AK109: =AJ109+$AH$109 -> 467.66667 | AL109: =AK109+$AH$109 -> 463.33333 | AM109: =AL109+$AH$109 -> 459 | AN109: =AM109+$AH$109 -> 454.66667 | AO109: =AN109+$AH$109 -> 450.33333 | AP109: =AO109+$AH$109 -> 446 | AQ109: =AP109+$AH$109 -> 441.66667 | AR109: =AQ109+$AH$109 -> 437.33333 | ... AU109: =AT109+$AH$109 -> 424.33333 | AV109: 420
AH110: =(AV110-AJ110)/12 -> -3.4666667 | AI110: Performance | AJ110: =$AV$112 -> 472 | AK110: =++AJ110+$AH$110 -> 468.53333 | AL110: =++AK110+$AH$110 -> 465.06667 | AM110: =++AL110+$AH$110 -> 461.6 | AN110: =++AM110+$AH$110 -> 458.13333 | AO110: =++AN110+$AH$110 -> 454.66667 | AP110: =++AO110+$AH$110 -> 451.2 | AQ110: =++AP110+$AH$110 -> 447.73333 | AR110: =++AQ110+$AH$110 -> 444.26667 | ... AU110: =++AT110+$AH$110 -> 433.86667 | AV110: =AV109-(AV109-AV112)*0.2 -> 430.4
AH111: =(AV111-AJ111)/12 -> -2.1666667 | AI111: Performance | AJ111: =$AV$112 -> 472 | AK111: =++AJ111+$AH$111 -> 469.83333 | AL111: =++AK111+$AH$111 -> 467.66667 | AM111: =++AL111+$AH$111 -> 465.5 | AN111: =++AM111+$AH$111 -> 463.33333 | AO111: =++AN111+$AH$111 -> 461.16667 | AP111: =++AO111+$AH$111 -> 459 | AQ111: =++AP111+$AH$111 -> 456.83333 | AR111: =++AQ111+$AH$111 -> 454.66667 | ... AU111: =++AT111+$AH$111 -> 448.16667 | AV111: =AV109-(AV109-AV112)*0.5 -> 446
AH112: =(AV112-AJ112)/12 -> 0 | AJ112: =$AV$112 -> 472 | AK112: =++AJ112+$AH$112 -> 472 | AL112: =++AK112+$AH$112 -> 472 | AM112: =++AL112+$AH$112 -> 472 | AN112: =++AM112+$AH$112 -> 472 | AO112: =++AN112+$AH$112 -> 472 | AP112: =++AO112+$AH$112 -> 472 | AQ112: =++AP112+$AH$112 -> 472 | AR112: =++AQ112+$AH$112 -> 472 | ... AU112: =++AT112+$AH$112 -> 472 | AV112: 472
AH113: Actual Performance (Yield Dppm) | AK113: =AK117/AK116*1000000 -> #VALUE! | AL113: =AL117/AL116*1000000 -> #VALUE! | AM113: =AM117/AM116*1000000 -> #VALUE! | AN113: =AN117/AN116*1000000 -> #VALUE! | AO113: =AO117/AO116*1000000 -> #VALUE! | AP113: =AP117/AP116*1000000 -> #DIV/0! | AQ113: =AQ117/AQ116*1000000 -> #DIV/0! | AR113: =AR117/AR116*1000000 -> #DIV/0! | ... AV113: =AV117/AV116*1000000 -> #DIV/0!
AH114: Actual Performance (% Yield) | AK114: =AK115/AK116 -> #VALUE! | AL114: =AL115/AL116 -> #VALUE! | AM114: =AM115/AM116 -> #VALUE! | AN114: =AN115/AN116 -> #VALUE! | AO114: =AO115/AO116 -> #VALUE! | AP114: =AP115/AP116 -> #DIV/0! | AQ114: =AQ115/AQ116 -> #DIV/0! | AR114: =AR115/AR116 -> #DIV/0! | ... AV114: =AV115/AV116 -> #DIV/0!
AI115: Total OUTPUT | AK115: NP | AL115: NP | AM115: NP | AN115: NP | AO115: NP
AI116: Total INPUT | AK116: NP | AL116: NP | AM116: NP | AN116: NP | AO116: NP
AI117: TTL NG
AH118: Achievement Rate | AK118: 1 | AL118: 1 | AM118: 1 | AN118: 1 | AO118: 1 | AP118: =(AP113-AP112)/(AP109-AP112) -> #DIV/0! | AQ118: =(AQ113-AQ112)/(AQ109-AQ112) -> #DIV/0! | AR118: =(AR113-AR112)/(AR109-AR112) -> #DIV/0! | AS118: =(AS113-AS112)/(AS109-AS112) -> #DIV/0! | AT118: =(AT113-AT112)/(AT109-AT112) -> #DIV/0! | AU118: =(AU113-AU112)/(AU109-AU112) -> #DIV/0! | AV118: =(AV113-AV112)/(AV109-AV112) -> #DIV/0!
AH119: Achievement Rate (Conditional) | AK119: 1 | AL119: 1 | AM119: =IF(OR(AM118>=100%),100%,IF(OR(AM118<=0%),0%,AVERAGE(AM118))) -> 1 | AN119: =IF(OR(AN118>=100%),100%,IF(OR(AN118<=0%),0%,AVERAGE(AN118))) -> 1 | AO119: =IF(OR(AO118>=100%),100%,IF(OR(AO118<=0%),0%,AVERAGE(AO118))) -> 1 | AP119: =IF(OR(AP118>=100%),100%,IF(OR(AP118<=0%),0%,AVERAGE(AP118))) -> #DIV/0! | AQ119: =IF(OR(AQ118>=100%),100%,IF(OR(AQ118<=0%),0%,AVERAGE(AQ118))) -> #DIV/0! | AR119: =IF(OR(AR118>=100%),100%,IF(OR(AR118<=0%),0%,AVERAGE(AR118))) -> #DIV/0! | AS119: =IF(OR(AS118>=100%),100%,IF(OR(AS118<=0%),0%,AVERAGE(AS118))) -> #DIV/0! | AT119: =IF(OR(AT118>=100%),100%,IF(OR(AT118<=0%),0%,AVERAGE(AT118))) -> #DIV/0! | ... AV119: =IF(OR(AV118>=100%),100%,IF(OR(AV118<=0%),0%,AVERAGE(AV118))) -> #DIV/0!
AH120: WEIGHTED AVERAGE | AK120: =AK119*0.1 -> 0.1 | AL120: =AL119*0.1 -> 0.1 | AM120: =AM119*0.1 -> 0.1 | AN120: =AN119*0.1 -> 0.1 | AO120: =AO119*0.1 -> 0.1 | AP120: =AP119*0.1 -> #DIV/0! | AQ120: =AQ119*0.1 -> #DIV/0! | AR120: =AR119*0.1 -> #DIV/0! | ... AV120: =AV119*0.1 -> #DIV/0!
AH123: 6.) FIRST PASS Yield - Percentage (Automotive) | AJ123: 45352 | AK123: 45383 | AL123: 45413 | AM123: 45444 | AN123: 45474 | AO123: 45505 | AP123: 45536 | AQ123: 45566 | AR123: 45597 | AS123: 45627 | AT123: 45658 | AU123: 45689 | AV123: 45717
AH124: =(AV124-AJ124)/12 -> 8.3333333e-06 | AI124: Performance | AJ124: =$AV$127 -> 0.9995 | AK124: =AJ124+$AH$124 -> 0.99950833 | AL124: =AK124+$AH$124 -> 0.99951667 | AM124: =AL124+$AH$124 -> 0.999525 | AN124: =AM124+$AH$124 -> 0.99953333 | AO124: =AN124+$AH$124 -> 0.99954167 | AP124: =AO124+$AH$124 -> 0.99955 | AQ124: =AP124+$AH$124 -> 0.99955833 | AR124: =AQ124+$AH$124 -> 0.99956667 | ... AU124: =AT124+$AH$124 -> 0.99959167 | AV124: 0.9996
AH125: =(AV125-AJ125)/12 -> 6.6666667e-06 | AI125: Performance | AJ125: =$AV$127 -> 0.9995 | AK125: =AJ125+$AH$125 -> 0.99950667 | AL125: =AK125+$AH$125 -> 0.99951333 | AM125: =AL125+$AH$125 -> 0.99952 | AN125: =AM125+$AH$125 -> 0.99952667 | AO125: =AN125+$AH$125 -> 0.99953333 | AP125: =AO125+$AH$125 -> 0.99954 | AQ125: =AP125+$AH$125 -> 0.99954667 | AR125: =AQ125+$AH$125 -> 0.99955333 | ... AU125: =AT125+$AH$125 -> 0.99957333 | AV125: =AV124-(AV124-AV127)*0.2 -> 0.99958
AH126: =(AV126-AJ126)/12 -> 4.1666667e-06 | AI126: Performance | AJ126: =$AV$127 -> 0.9995 | AK126: =++AJ126+$AH$126 -> 0.99950417 | AL126: =++AK126+$AH$126 -> 0.99950833 | AM126: =++AL126+$AH$126 -> 0.9995125 | AN126: =++AM126+$AH$126 -> 0.99951667 | AO126: =++AN126+$AH$126 -> 0.99952083 | AP126: =++AO126+$AH$126 -> 0.999525 | AQ126: =++AP126+$AH$126 -> 0.99952917 | AR126: =++AQ126+$AH$126 -> 0.99953333 | ... AU126: =++AT126+$AH$126 -> 0.99954583 | AV126: =AV124-(AV124-AV127)*0.5 -> 0.99955
AH127: =(AV127-AJ127)/12 -> 0 | AJ127: =$AV$127 -> 0.9995 | AK127: =++AJ127+$AH$127 -> 0.9995 | AL127: =++AK127+$AH$127 -> 0.9995 | AM127: =++AL127+$AH$127 -> 0.9995 | AN127: =++AM127+$AH$127 -> 0.9995 | AO127: =++AN127+$AH$127 -> 0.9995 | AP127: =++AO127+$AH$127 -> 0.9995 | AQ127: =++AP127+$AH$127 -> 0.9995 | AR127: =++AQ127+$AH$127 -> 0.9995 | ... AU127: =++AT127+$AH$127 -> 0.9995 | AV127: 0.9995
AH128: Actual Performance | AK128: =AK129/AK130 -> #VALUE! | AL128: =AL129/AL130 -> #VALUE! | AM128: =AM129/AM130 -> #VALUE! | AN128: =AN129/AN130 -> #VALUE! | AO128: =AO129/AO130 -> #VALUE! | AP128: =AP129/AP130 -> #DIV/0! | AQ128: =AQ129/AQ130 -> #DIV/0! | AR128: =AR129/AR130 -> #DIV/0! | ... AV128: =AV129/AV130 -> #DIV/0!
AH129: Output Qty | AK129: =AK115 -> NP | AL129: =AL115 -> NP | AM129: =AM115 -> NP | AN129: =AN115 -> NP | AO129: =AO115 -> NP | AP129: =AP115 -> 0 | AQ129: =AQ115 -> 0 | AR129: =AR115 -> 0 | ... AV129: =AV115 -> 0
AH130: Input Qty | AK130: =AK116 -> NP | AL130: =AL116 -> NP | AM130: =AM116 -> NP | AN130: =AN116 -> NP | AO130: =AO116 -> NP | AP130: =AP116 -> 0 | AQ130: =AQ116 -> 0 | AR130: =AR116 -> 0 | ... AV130: =AV116 -> 0
AH131: Achievement Rate | AK131: =(AK128-AK127)/(AK124-AK127) -> #VALUE! | AL131: =(AL128-AL127)/(AL124-AL127) -> #VALUE! | AM131: =(AM128-AM127)/(AM124-AM127) -> #VALUE! | AN131: =(AN128-AN127)/(AN124-AN127) -> #VALUE! | AO131: =(AO128-AO127)/(AO124-AO127) -> #VALUE! | AP131: =(AP128-AP127)/(AP124-AP127) -> #DIV/0! | AQ131: =(AQ128-AQ127)/(AQ124-AQ127) -> #DIV/0! | AR131: =(AR128-AR127)/(AR124-AR127) -> #DIV/0! | ... AV131: =(AV128-AV127)/(AV124-AV127) -> #DIV/0!
AH132: Achievement Rate (Conditional) | AK132: 1 | AL132: 1 | AM132: 1 | AN132: 1 | AO132: 1 | AP132: =IF(OR(AP131>=100%),100%,IF(OR(AP131<=0%),0%,AVERAGE(AP131))) -> #DIV/0! | AQ132: =IF(OR(AQ131>=100%),100%,IF(OR(AQ131<=0%),0%,AVERAGE(AQ131))) -> #DIV/0! | AR132: =IF(OR(AR131>=100%),100%,IF(OR(AR131<=0%),0%,AVERAGE(AR131))) -> #DIV/0! | AS132: =IF(OR(AS131>=100%),100%,IF(OR(AS131<=0%),0%,AVERAGE(AS131))) -> #DIV/0! | AT132: =IF(OR(AT131>=100%),100%,IF(OR(AT131<=0%),0%,AVERAGE(AT131))) -> #DIV/0! | AU132: =IF(OR(AU131>=100%),100%,IF(OR(AU131<=0%),0%,AVERAGE(AU131))) -> #DIV/0! | AV132: =IF(OR(AV131>=100%),100%,IF(OR(AV131<=0%),0%,AVERAGE(AV131))) -> #DIV/0!
AH133: WEIGHTED AVERAGE | AK133: =AK132*0.1 -> 0.1 | AL133: =AL132*0.1 -> 0.1 | AM133: =AM132*0.1 -> 0.1 | AN133: =AN132*0.1 -> 0.1 | AO133: =AO132*0.1 -> 0.1 | AP133: =AP132*0.1 -> #DIV/0! | AQ133: =AQ132*0.1 -> #DIV/0! | AR133: =AR132*0.1 -> #DIV/0! | ... AV133: =AV132*0.1 -> #DIV/0!
AH135: Actual loss cost | AK135: 0.021 | AL135: 0.04 | AM135: 0.08175 | AN135: 0.0382 | AO135: 0.05476
AH138: 7.) Loss Cost Ratio to Sales | AJ138: 45352 | AK138: 45383 | AL138: 45413 | AM138: 45444 | AN138: 45474 | AO138: 45505 | AP138: 45536 | AQ138: 45566 | AR138: 45597 | AS138: 45627 | AT138: 45658 | AU138: 45689 | AV138: 45717
AH139: =(AV139-AJ139)/12 -> 0 | AJ139: =$AV$139 -> 0.0003 | AK139: =++AJ139+$AH$139 -> 0.0003 | AL139: =++AK139+$AH$139 -> 0.0003 | AM139: =++AL139+$AH$139 -> 0.0003 | AN139: =++AM139+$AH$139 -> 0.0003 | AO139: =++AN139+$AH$139 -> 0.0003 | AP139: =++AO139+$AH$139 -> 0.0003 | AQ139: =++AP139+$AH$139 -> 0.0003 | AR139: =++AQ139+$AH$139 -> 0.0003 | ... AU139: =++AT139+$AH$139 -> 0.0003 | AV139: 0.0003
AH140: =(AV140-AJ140)/12 -> 0 | AI140: Performance | AJ140: =$AV$139 -> 0.0003 | AK140: =++AJ140+$AH$140 -> 0.0003 | AL140: =++AK140+$AH$140 -> 0.0003 | AM140: =++AL140+$AH$140 -> 0.0003 | AN140: =++AM140+$AH$140 -> 0.0003 | AO140: =++AN140+$AH$140 -> 0.0003 | AP140: =++AO140+$AH$140 -> 0.0003 | AQ140: =++AP140+$AH$140 -> 0.0003 | AR140: =++AQ140+$AH$140 -> 0.0003 | ... AU140: =++AT140+$AH$140 -> 0.0003 | AV140: =AV139-(AV139-AV142)*0.5 -> 0.0003
AH141: =(AV141-AJ141)/12 -> 0 | AI141: Performance | AJ141: =$AV$139 -> 0.0003 | AK141: =++AJ141+$AH$141 -> 0.0003 | AL141: =++AK141+$AH$141 -> 0.0003 | AM141: =++AL141+$AH$141 -> 0.0003 | AN141: =++AM141+$AH$141 -> 0.0003 | AO141: =++AN141+$AH$141 -> 0.0003 | AP141: =++AO141+$AH$141 -> 0.0003 | AQ141: =++AP141+$AH$141 -> 0.0003 | AR141: =++AQ141+$AH$141 -> 0.0003 | ... AU141: =++AT141+$AH$141 -> 0.0003 | AV141: =AV139-(AV139-AV142)*0.8 -> 0.0003
AH142: =(AV142-AJ142)/12 -> 0 | AI142: Performance | AJ142: =$AV$139 -> 0.0003 | AK142: =++AJ142+$AH$142 -> 0.0003 | AL142: =++AK142+$AH$142 -> 0.0003 | AM142: =++AL142+$AH$142 -> 0.0003 | AN142: =++AM142+$AH$142 -> 0.0003 | AO142: =++AN142+$AH$142 -> 0.0003 | AP142: =++AO142+$AH$142 -> 0.0003 | AQ142: =++AP142+$AH$142 -> 0.0003 | AR142: =++AQ142+$AH$142 -> 0.0003 | ... AU142: =++AT142+$AH$142 -> 0.0003 | AV142: 0.0003
AH143: Actual Performance | AK143: =AK135/(AK144/1000) -> 0.00012959763 | AL143: =AL135/(AL144/1000) -> 0.00016897315 | AM143: =AM135/(AM144/1000) -> 0.00033865454 | AN143: =AN135/(AN144/1000) -> 0.00017579764 | AO143: =AO135/(AO144/1000) -> 0.00025980171 | AP143: =AP135/(AP144/1000) -> #DIV/0! | AQ143: =AQ135/(AQ144/1000) -> #DIV/0! | AR143: =AR135/(AR144/1000) -> #DIV/0! | ... AV143: =AV135/(AV144/1000) -> #DIV/0!
AH144: YF TTL Sales | AK144: 162040 | AL144: 236724 | AM144: 241396.44 | AN144: 217295.3 | AO144: 210776.13
AH145: Achievement Rate | AK145: =(AK139-AK143)/(AK139-AK142) -> #DIV/0! | AL145: =(AL139-AL143)/(AL139-AL142) -> #DIV/0! | AM145: =(AM139-AM143)/(AM139-AM142) -> #DIV/0! | AN145: =(AN139-AN143)/(AN139-AN142) -> #DIV/0! | AO145: =(AO139-AO143)/(AO139-AO142) -> #DIV/0! | AP145: =(AP139-AP143)/(AP139-AP142) -> #DIV/0! | AQ145: =(AQ139-AQ143)/(AQ139-AQ142) -> #DIV/0! | AR145: =(AR139-AR143)/(AR139-AR142) -> #DIV/0! | ... AV145: =(AV139-AV143)/(AV139-AV142) -> #DIV/0!
AH146: Achievement Rate (Conditional) | AK146: 1 | AL146: 1 | AM146: 1 | AN146: 1 | AO146: 1 | AP146: =IF(OR(AP145>=100%),100%,IF(OR(AP145<=0%),0%,AVERAGE(AP145))) -> #DIV/0! | AQ146: =IF(OR(AQ145>=100%),100%,IF(OR(AQ145<=0%),0%,AVERAGE(AQ145))) -> #DIV/0! | AR146: =IF(OR(AR145>=100%),100%,IF(OR(AR145<=0%),0%,AVERAGE(AR145))) -> #DIV/0! | AS146: =IF(OR(AS145>=100%),100%,IF(OR(AS145<=0%),0%,AVERAGE(AS145))) -> #DIV/0! | AT146: =IF(OR(AT145>=100%),100%,IF(OR(AT145<=0%),0%,AVERAGE(AT145))) -> #DIV/0! | AU146: =IF(OR(AU145>=100%),100%,IF(OR(AU145<=0%),0%,AVERAGE(AU145))) -> #DIV/0! | AV146: =IF(OR(AV145>=100%),100%,IF(OR(AV145<=0%),0%,AVERAGE(AV145))) -> #DIV/0!
AH147: WEIGHTED AVERAGE | AK147: =AK146*0.2 -> 0.2 | AL147: =AL146*0.2 -> 0.2 | AM147: =AM146*0.2 -> 0.2 | AN147: =AN146*0.2 -> 0.2 | AO147: =AO146*0.2 -> 0.2 | AP147: =AP146*0.2 -> #DIV/0! | AQ147: =AQ146*0.2 -> #DIV/0! | AR147: =AR146*0.2 -> #DIV/0! | ... AV147: =AV146*0.2 -> #DIV/0!
...

Sheet PPD
A2: =AM163 -> 0.74988915 | B2: Action Plan | E2: Division / Section: | I2: PPS | R2: Ref. No.: | X2: Approved (sign)
B3: Theme | E3: Responsible Person | I3: Team Members | R3: Date Prepared: | T3: 45544 | X3: ESM/EAN/RNS
A4: Key 11 | B4: Quality Assurance System | E4: Belen Perez | I4: Nolasco M. / Mark Del Rosario / Miily L. / Jo C. / Lovie A | R4: Approval: | T4: APM
A5: Aiming for Improvement | B5: Slogan | E5: Area | I5: Objective | R5: Evaluation Factor Customer Claim | T5: Evaluation Factor First Pass Yield / Dppm | V5: Evaluation Factor OQC LAR / Dppm | X5: Evaluation Factor Loss Cost Ratio to Sales | Z5: Evaluation Factor Customer Claim (Internal)
B6: Let's apply QA system on countermeasures at the source | E6: PPS | I6: <> Boost Efficiency and Quality with Higher YIELD / Lower DPPM for Better Performance | R6: FY23 | S6: FY 24Tgt | T6: FY23 | U6: FY 24Tgt | V6: FY23 | W6: FY 24Tgt | X6: FY23 | Y6: FY 24Tgt | Z6: FY23 | AA6: FY 24Tgt
I7: <> Enhance Outgoing LAR while Decreasing DPPM | R7: Class A 2 | S7: Class A 2 | T7: 0.9972 | U7: 0.9974 | V7: 0.9996 | W7: 0.9998 | X7: 0.005 | Y7: 0.0045 | Z7: 20 | AA7: 15
I8: <> Customer Satisfaction Enhancement: Minimizing Customer’s Complaints
I9: <> Attainment of Company-Wide Loss Cost Ratio to Sales Goal
R10: Class B/C 0 | S10: Class B/C 0 | T10: 2758 | U10: 2649 | V10: 26 | W10: 1.4
A13: No | B13: Actions | E13: Person | F13: Apr | G13: May | H13: Jun | I13: Jul | J13: Aug | K13: Sep | L13: Oct | M13: Nov | N13: Dec | O13: Jan | P13: Feb | Q13: Mar | R13: Follow-up by Responsible Person | X13: Comments from Manager
A14: 1 | B14: Improve product condition of Mold insert products (FRS018 & FUS006) | E14: APM / HAV / RDM | R14: 45383 | S14: Revision of work instructions and incorporation of the standard set-up sample to be disposed | X14: 45383 | Y14: Consider to improve yield performance of CN174D products
A15: 2 | B15: Strengthen machine or product qualification and inspection for grinded parts | E15: Nolasco Mendoza / Belen Perez | R15: 45414 | S15: Continue to implement immediate and preventive actions for internal claims and loss cost to maintain the quality performance of PPS. | X15: 45414 | Y15: Need to implement automation skill - Schedule on June-2024
A16: 3 | B16: Enhance product qualification for Molding parts prior mass production | E16: APM, FMC, HAV/ RDM | R16: 45446 | S16: Initiate initial management program | X16: 45446 | Y16: Monitor loss cost and Generate action on LAR
A17: 4 | B17: Enhancement of product and die set evaluation | E17: T. Nozaki / APM / FMC / RDM / HAV | R17: 45474 | S17: Need to provide concrete analysis and immediate actions for the Bubbless problem to control the increasing trend of internal claim and Off target LAR Yield | X17: 45474 | Y17: Continue the update for intial management.
R18: 45505 | S18: Focus the improvement for lot-out and loss cost for both PPD-CN and PPD-TS products | X18: 45505 | Y18: Initiate improvement on HF106-03#IN Monitor thr result after the improvement
AH50: Pink cell should be updated
AF51: PPS Section
AF52: 1.) Customer Claim (Class A) | AH52: 45352 | AI52: 45383 | AJ52: 45413 | AK52: 45444 | AL52: 45474 | AM52: 45505 | AN52: 45536 | AO52: 45566 | AP52: 45597 | AQ52: 45627 | AR52: 45658 | AS52: 45689 | AT52: 45717
AF53: =(AT53-AH53)/12 -> 0 | AH53: =AT53 -> 2 | AI53: 2 | AJ53: =AI53+$AF$53 -> 2 | AK53: =AJ53+$AF$53 -> 2 | AL53: =AK53+$AF$53 -> 2 | AM53: =AL53+$AF$53 -> 2 | AN53: =AM53+$AF$53 -> 2 | AO53: =AN53+$AF$53 -> 2 | AP53: =AO53+$AF$53 -> 2 | AQ53: =AP53+$AF$53 -> 2 | ... AS53: =AR53+$AF$53 -> 2 | AT53: 2
AF54: =(AT54-AH54)/12 -> 0 | AG54: Performance | AH54: =AT54 -> 2 | AI54: 2 | AJ54: =AI54+$AF$54 -> 2 | AK54: =AJ54+$AF$54 -> 2 | AL54: =AK54+$AF$54 -> 2 | AM54: =AL54+$AF$54 -> 2 | AN54: =AM54+$AF$54 -> 2 | AO54: =AN54+$AF$54 -> 2 | AP54: =AO54+$AF$54 -> 2 | AQ54: =AP54+$AF$54 -> 2 | ... AS54: =AR54+$AF$54 -> 2 | AT54: 2
AF55: =(AT55-AH55)/12 -> 0 | AG55: Performance | AH55: =AT55 -> 2 | AI55: 2 | AJ55: =AI55+$AF$55 -> 2 | AK55: =AJ55+$AF$55 -> 2 | AL55: =AK55+$AF$55 -> 2 | AM55: =AL55+$AF$55 -> 2 | AN55: =AM55+$AF$55 -> 2 | AO55: =AN55+$AF$55 -> 2 | AP55: =AO55+$AF$55 -> 2 | AQ55: =AP55+$AF$55 -> 2 | ... AS55: =AR55+$AF$55 -> 2 | AT55: =AT53-(AT53-AT56)*0.8 -> 2
AF56: =(AT56-AH56)/12 -> 0 | AG56: Performance | AH56: =AT56 -> 2 | AI56: 2 | AJ56: =AI56+$AF$56 -> 2 | AK56: =AJ56+$AF$56 -> 2 | AL56: =AK56+$AF$56 -> 2 | AM56: =AL56+$AF$56 -> 2 | AN56: =AM56+$AF$56 -> 2 | AO56: =AN56+$AF$56 -> 2 | AP56: =AO56+$AF$56 -> 2 | AQ56: =AP56+$AF$56 -> 2 | ... AS56: =AR56+$AF$56 -> 2 | AT56: 2
AF57: Accum. Actual Performance | AI57: 0 | AJ57: =AI57+AJ59 -> 0 | AK57: =AJ57+AK59 -> 0 | AL57: =AK57+AL59 -> 0 | AM57: =AL57+AM59 -> 1 | AN57: =AM57+AN59 -> 1 | AO57: =AN57+AO59 -> 1 | AP57: =AO57+AP59 -> 1 | AQ57: =AP57+AQ59 -> 1 | ... AT57: =AS57+AT59 -> 1
AF59: Actual Performance | AI59: 0 | AJ59: 0 | AK59: 0 | AL59: 0 | AM59: 1
AI60: 0 | AJ60: =AJ59 -> 0 | AK60: =AK59 -> 0 | AL60: =AL59 -> 0 | AM60: =AM59 -> 1 | AN60: =AN59 -> 0 | AO60: =AO59 -> 0 | AP60: =AP59 -> 0 | AQ60: =AQ59 -> 0 | ... AT60: =AT59 -> 0
AF61: Achievement Rate | AI61: 1 | AJ61: 1 | AK61: 1 | AL61: 1 | AM61: =(AM53-AM57)/(AM53-AM56) -> #DIV/0! | AN61: =(AN53-AN57)/(AN53-AN56) -> #DIV/0! | AO61: =(AO53-AO57)/(AO53-AO56) -> #DIV/0! | AP61: =(AP53-AP57)/(AP53-AP56) -> #DIV/0! | AQ61: =(AQ53-AQ57)/(AQ53-AQ56) -> #DIV/0! | AR61: =(AR53-AR57)/(AR53-AR56) -> #DIV/0! | AS61: =(AS53-AS57)/(AS53-AS56) -> #DIV/0! | AT61: =(AT53-AT57)/(AT53-AT56) -> #DIV/0!
AF62: Achievement Rate (Conditional) | AI62: 1 | AJ62: =IF(OR(AJ61>=100%),100%,IF(OR(AJ61<=0%),0%,AVERAGE(AJ61))) -> 1 | AK62: =IF(OR(AK61>=100%),100%,IF(OR(AK61<=0%),0%,AVERAGE(AK61))) -> 1 | AL62: =IF(OR(AL61>=100%),100%,IF(OR(AL61<=0%),0%,AVERAGE(AL61))) -> 1 | AM62: 0 | AN62: =IF(OR(AN61>=100%),100%,IF(OR(AN61<=0%),0%,AVERAGE(AN61))) -> #DIV/0! | AO62: =IF(OR(AO61>=100%),100%,IF(OR(AO61<=0%),0%,AVERAGE(AO61))) -> #DIV/0! | AP62: =IF(OR(AP61>=100%),100%,IF(OR(AP61<=0%),0%,AVERAGE(AP61))) -> #DIV/0! | AQ62: =IF(OR(AQ61>=100%),100%,IF(OR(AQ61<=0%),0%,AVERAGE(AQ61))) -> #DIV/0! | AR62: =IF(OR(AR61>=100%),100%,IF(OR(AR61<=0%),0%,AVERAGE(AR61))) -> #DIV/0! | AS62: =IF(OR(AS61>=100%),100%,IF(OR(AS61<=0%),0%,AVERAGE(AS61))) -> #DIV/0! | AT62: =IF(OR(AT61>=100%),100%,IF(OR(AT61<=0%),0%,AVERAGE(AT61))) -> #DIV/0!
AF63: WEIGHTED AVERAGE | AI63: 0.05 | AJ63: =AJ62*0.05 -> 0.05 | AK63: =AK62*0.05 -> 0.05 | AL63: =AL62*0.05 -> 0.05 | AM63: =AM62*0.05 -> 0 | AN63: =AN62*0.05 -> #DIV/0! | AO63: =AO62*0.05 -> #DIV/0! | AP63: =AP62*0.05 -> #DIV/0! | AQ63: =AQ62*0.05 -> #DIV/0! | ... AT63: =AT62*0.05 -> #DIV/0!
AF66: 2) Customer Claim (Class B/C) | AH66: 45352 | AI66: 45383 | AJ66: 45413 | AK66: 45444 | AL66: 45474 | AM66: 45505 | AN66: 45536 | AO66: 45566 | AP66: 45597 | AQ66: 45627 | AR66: 45658 | AS66: 45689 | AT66: 45717
AF67: =(AT67-AH67)/12 -> 0 | AH67: =AT67 -> 0 | AI67: 0 | AJ67: =AI67+$AF$53 -> 0 | AK67: =AJ67+$AF$53 -> 0 | AL67: =AK67+$AF$53 -> 0 | AM67: =AL67+$AF$53 -> 0 | AN67: =AM67+$AF$53 -> 0 | AO67: =AN67+$AF$53 -> 0 | AP67: =AO67+$AF$53 -> 0 | AQ67: =AP67+$AF$53 -> 0 | ... AS67: =AR67+$AF$53 -> 0 | AT67: 0
AF68: =(AT68-AH68)/12 -> 0 | AG68: Performance | AH68: =AT67 -> 0 | AI68: 0 | AJ68: =AI68+$AF$54 -> 0 | AK68: =AJ68+$AF$54 -> 0 | AL68: =AK68+$AF$54 -> 0 | AM68: =AL68+$AF$54 -> 0 | AN68: =AM68+$AF$54 -> 0 | AO68: =AN68+$AF$54 -> 0 | AP68: =AO68+$AF$54 -> 0 | AQ68: =AP68+$AF$54 -> 0 | ... AS68: =AR68+$AF$54 -> 0 | AT68: =AT67-(AT67-AT70)*0.5 -> 0
AF69: =(AT69-AH69)/12 -> 0 | AG69: Performance | AH69: =AT67 -> 0 | AI69: 0 | AJ69: =AI69+$AF$55 -> 0 | AK69: =AJ69+$AF$55 -> 0 | AL69: =AK69+$AF$55 -> 0 | AM69: =AL69+$AF$55 -> 0 | AN69: =AM69+$AF$55 -> 0 | AO69: =AN69+$AF$55 -> 0 | AP69: =AO69+$AF$55 -> 0 | AQ69: =AP69+$AF$55 -> 0 | ... AS69: =AR69+$AF$55 -> 0 | AT69: =AT67-(AT67-AT70)*0.8 -> 0
AF70: =(AT70-AH70)/12 -> 0 | AG70: Performance | AH70: =AT67 -> 0 | AI70: 0 | AJ70: =AI70+$AF$56 -> 0 | AK70: =AJ70+$AF$56 -> 0 | AL70: =AK70+$AF$56 -> 0 | AM70: =AL70+$AF$56 -> 0 | AN70: =AM70+$AF$56 -> 0 | AO70: =AN70+$AF$56 -> 0 | AP70: =AO70+$AF$56 -> 0 | AQ70: =AP70+$AF$56 -> 0 | ... AS70: =AR70+$AF$56 -> 0 | AT70: 0
AF71: Accum. Actual Performance | AI71: 0 | AJ71: =AI71+AJ73 -> 0 | AK71: =AJ71+AK73 -> 0 | AL71: =AK71+AL73 -> 0 | AM71: =AL71+AM73 -> 0 | AN71: =AM71+AN73 -> 0 | AO71: =AN71+AO73 -> 0 | AP71: =AO71+AP73 -> 0 | AQ71: =AP71+AQ73 -> 0 | ... AT71: =AS71+AT73 -> 0
AF73: Actual Performance | AI73: 0 | AJ73: 0 | AK73: 0 | AL73: 0 | AM73: 0
AI74: 0 | AJ74: =AJ73 -> 0 | AK74: =AK73 -> 0 | AL74: =AL73 -> 0 | AM74: =AM73 -> 0 | AN74: =AN73 -> 0 | AO74: =AO73 -> 0 | AP74: =AP73 -> 0 | AQ74: =AQ73 -> 0 | ... AT74: =AT73 -> 0
AF75: Achievement Rate | AI75: 1 | AJ75: 1 | AK75: 1 | AL75: 1 | AM75: 1 | AN75: =(AN67-AN71)/(AN67-AN70) -> #DIV/0! | AO75: =(AO67-AO71)/(AO67-AO70) -> #DIV/0! | AP75: =(AP67-AP71)/(AP67-AP70) -> #DIV/0! | AQ75: =(AQ67-AQ71)/(AQ67-AQ70) -> #DIV/0! | AR75: =(AR67-AR71)/(AR67-AR70) -> #DIV/0! | AS75: =(AS67-AS71)/(AS67-AS70) -> #DIV/0! | AT75: =(AT67-AT71)/(AT67-AT70) -> #DIV/0!
AF76: Achievement Rate (Conditional) | AI76: 1 | AJ76: =IF(OR(AJ75>=100%),100%,IF(OR(AJ75<=0%),0%,AVERAGE(AJ75))) -> 1 | AK76: =IF(OR(AK75>=100%),100%,IF(OR(AK75<=0%),0%,AVERAGE(AK75))) -> 1 | AL76: =IF(OR(AL75>=100%),100%,IF(OR(AL75<=0%),0%,AVERAGE(AL75))) -> 1 | AM76: =IF(OR(AM75>=100%),100%,IF(OR(AM75<=0%),0%,AVERAGE(AM75))) -> 1 | AN76: =IF(OR(AN75>=100%),100%,IF(OR(AN75<=0%),0%,AVERAGE(AN75))) -> #DIV/0! | AO76: =IF(OR(AO75>=100%),100%,IF(OR(AO75<=0%),0%,AVERAGE(AO75))) -> #DIV/0! | AP76: =IF(OR(AP75>=100%),100%,IF(OR(AP75<=0%),0%,AVERAGE(AP75))) -> #DIV/0! | AQ76: =IF(OR(AQ75>=100%),100%,IF(OR(AQ75<=0%),0%,AVERAGE(AQ75))) -> #DIV/0! | ... AT76: =IF(OR(AT75>=100%),100%,IF(OR(AT75<=0%),0%,AVERAGE(AT75))) -> #DIV/0!
AF77: WEIGHTED AVERAGE | AI77: 0.05 | AJ77: =AJ76*0.05 -> 0.05 | AK77: =AK76*0.05 -> 0.05 | AL77: =AL76*0.05 -> 0.05 | AM77: =AM76*0.05 -> 0.05 | AN77: =AN76*0.05 -> #DIV/0! | AO77: =AO76*0.05 -> #DIV/0! | AP77: =AP76*0.05 -> #DIV/0! | AQ77: =AQ76*0.05 -> #DIV/0! | ... AT77: =AT76*0.05 -> #DIV/0!
AF80: 3) Internal Customer Claim | AH80: 45352 | AI80: 45383 | AJ80: 45413 | AK80: 45444 | AL80: 45474 | AM80: 45505 | AN80: 45536 | AO80: 45566 | AP80: 45597 | AQ80: 45627 | AR80: 45658 | AS80: 45689 | AT80: 45717
AF81: =(AT81-AH81)/12 -> 0 | AH81: =AT81 -> 20 | AI81: 20 | AJ81: =AI81+$AF$81 -> 20 | AK81: =AJ81+$AF$81 -> 20 | AL81: =AK81+$AF$81 -> 20 | AM81: =AL81+$AF$81 -> 20 | AN81: =AM81+$AF$81 -> 20 | AO81: =AN81+$AF$81 -> 20 | AP81: =AO81+$AF$81 -> 20 | AQ81: =AP81+$AF$81 -> 20 | ... AS81: =AR81+$AF$81 -> 20 | AT81: 20
AF82: =(AT82-AH82)/12 -> -0.20833333 | AG82: Performance | AH82: =AT81 -> 20 | AI82: 19.791667 | AJ82: =AI82+$AF$82 -> 19.583333 | AK82: =AJ82+$AF$82 -> 19.375 | AL82: =AK82+$AF$82 -> 19.166667 | AM82: =AL82+$AF$82 -> 18.958333 | AN82: =AM82+$AF$82 -> 18.75 | AO82: =AN82+$AF$82 -> 18.541667 | AP82: =AO82+$AF$82 -> 18.333333 | AQ82: =AP82+$AF$82 -> 18.125 | ... AS82: =AR82+$AF$82 -> 17.708333 | AT82: =AT81-(AT81-AT84)*0.5 -> 17.5
AF83: =(AT83-AH83)/12 -> -0.33333333 | AG83: Performance | AH83: =AT81 -> 20 | AI83: 19.666667 | AJ83: =AI83+$AF$83 -> 19.333333 | AK83: =AJ83+$AF$83 -> 19 | AL83: =AK83+$AF$83 -> 18.666667 | AM83: =AL83+$AF$83 -> 18.333333 | AN83: =AM83+$AF$83 -> 18 | AO83: =AN83+$AF$83 -> 17.666667 | AP83: =AO83+$AF$83 -> 17.333333 | AQ83: =AP83+$AF$83 -> 17 | ... AS83: =AR83+$AF$83 -> 16.333333 | AT83: =AT81-(AT81-AT84)*0.8 -> 16
AF84: =(AT84-AH84)/12 -> -0.41666667 | AG84: Performance | AH84: =AT81 -> 20 | AI84: 19.583333 | AJ84: =AI84+$AF$84 -> 19.166667 | AK84: =AJ84+$AF$84 -> 18.75 | AL84: =AK84+$AF$84 -> 18.333333 | AM84: =AL84+$AF$84 -> 17.916667 | AN84: =AM84+$AF$84 -> 17.5 | AO84: =AN84+$AF$84 -> 17.083333 | AP84: =AO84+$AF$84 -> 16.666667 | AQ84: =AP84+$AF$84 -> 16.25 | ... AS84: =AR84+$AF$84 -> 15.416667 | AT84: 15
AF85: Accum. Actual Performance | AI85: 1 | AJ85: =AI85+AJ87 -> 2 | AK85: =AJ85+AK87 -> 3 | AL85: =AK85+AL87 -> 5 | AM85: =AL85+AM87 -> 8 | AN85: =AM85+AN87 -> 8 | AO85: =AN85+AO87 -> 8 | AP85: =AO85+AP87 -> 8 | AQ85: =AP85+AQ87 -> 8 | ... AT85: =AS85+AT87 -> 8
AF87: Actual Performance | AI87: 1 | AJ87: 1 | AK87: 1 | AL87: 2 | AM87: 3
AI88: 1 | AJ88: =AJ87 -> 1 | AK88: =AK87 -> 1 | AL88: =AL87 -> 2 | AM88: =AM87 -> 3 | AN88: =AN87 -> 0 | AO88: =AO87 -> 0 | AP88: =AP87 -> 0 | AQ88: =AQ87 -> 0 | ... AT88: =AT87 -> 0
AF89: Achievement Rate | AI89: 45.6 | AJ89: =(AJ81-AJ85)/(AJ81-AJ84) -> 21.6 | AK89: =(AK81-AK85)/(AK81-AK84) -> 13.6 | AL89: =(AL81-AL85)/(AL81-AL84) -> 9 | AM89: =(AM81-AM85)/(AM81-AM84) -> 5.76 | AN89: =(AN81-AN85)/(AN81-AN84) -> 4.8 | AO89: =(AO81-AO85)/(AO81-AO84) -> 4.1142857 | AP89: =(AP81-AP85)/(AP81-AP84) -> 3.6 | AQ89: =(AQ81-AQ85)/(AQ81-AQ84) -> 3.2 | ... AT89: =(AT81-AT85)/(AT81-AT84) -> 2.4
AF90: Achievement Rate (Conditional) | AI90: 1 | AJ90: =IF(OR(AJ89>=100%),100%,IF(OR(AJ89<=0%),0%,AVERAGE(AJ89))) -> 1 | AK90: =IF(OR(AK89>=100%),100%,IF(OR(AK89<=0%),0%,AVERAGE(AK89))) -> 1 | AL90: =IF(OR(AL89>=100%),100%,IF(OR(AL89<=0%),0%,AVERAGE(AL89))) -> 1 | AM90: =IF(OR(AM89>=100%),100%,IF(OR(AM89<=0%),0%,AVERAGE(AM89))) -> 1 | AN90: =IF(OR(AN89>=100%),100%,IF(OR(AN89<=0%),0%,AVERAGE(AN89))) -> 1 | AO90: =IF(OR(AO89>=100%),100%,IF(OR(AO89<=0%),0%,AVERAGE(AO89))) -> 1 | AP90: =IF(OR(AP89>=100%),100%,IF(OR(AP89<=0%),0%,AVERAGE(AP89))) -> 1 | AQ90: =IF(OR(AQ89>=100%),100%,IF(OR(AQ89<=0%),0%,AVERAGE(AQ89))) -> 1 | ... AT90: =IF(OR(AT89>=100%),100%,IF(OR(AT89<=0%),0%,AVERAGE(AT89))) -> 1
AF91: WEIGHTED AVERAGE | AI91: 0.05 | AJ91: =AJ90*0.05 -> 0.05 | AK91: =AK90*0.05 -> 0.05 | AL91: =AL90*0.05 -> 0.05 | AM91: =AM90*0.05 -> 0.05 | AN91: =AN90*0.05 -> 0.05 | AO91: =AO90*0.05 -> 0.05 | AP91: =AP90*0.05 -> 0.05 | AQ91: =AQ90*0.05 -> 0.05 | ... AT91: =AT90*0.05 -> 0.05
AF93: 4.) FIRST PASS Yield - Dppm | AH93: 45352 | AI93: 45383 | AJ93: 45413 | AK93: 45444 | AL93: 45474 | AM93: 45505 | AN93: 45536 | AO93: 45566 | AP93: 45597 | AQ93: 45627 | AR93: 45658 | AS93: 45689 | AT93: 45717
AF94: =(AT94-AH94)/12 -> -9.0833333 | AG94: Performance | AH94: =AT97 -> 2758 | AI94: 2748.9167 | AJ94: =++AI94+$AF$94 -> 2739.8333 | AK94: =++AJ94+$AF$94 -> 2730.75 | AL94: =++AK94+$AF$94 -> 2721.6667 | AM94: =++AL94+$AF$94 -> 2712.5833 | AN94: =++AM94+$AF$94 -> 2703.5 | AO94: =++AN94+$AF$94 -> 2694.4167 | AP94: =++AO94+$AF$94 -> 2685.3333 | AQ94: =++AP94+$AF$94 -> 2676.25 | ... AS94: =++AR94+$AF$94 -> 2658.0833 | AT94: 2649
AF95: =(AT95-AH95)/12 -> 75.816667 | AG95: Performance | AH95: =AT97 -> 2758 | AI95: 2833.8167 | AJ95: =++AI95+$AF$95 -> 2909.6333 | AK95: =++AJ95+$AF$95 -> 2985.45 | AL95: =++AK95+$AF$95 -> 3061.2667 | AM95: =++AL95+$AF$95 -> 3137.0833 | AN95: =++AM95+$AF$95 -> 3212.9 | AO95: =++AN95+$AF$95 -> 3288.7167 | AP95: =++AO95+$AF$95 -> 3364.5333 | AQ95: =++AP95+$AF$95 -> 3440.35 | ... AS95: =++AR95+$AF$95 -> 3591.9833 | AT95: 3667.8
AF96: =(AT96-AH96)/12 -> 77.291667 | AG96: Performance | AH96: =AT97 -> 2758 | AI96: 2835.2917 | AJ96: =++AI96+$AF$96 -> 2912.5833 | AK96: =++AJ96+$AF$96 -> 2989.875 | AL96: =++AK96+$AF$96 -> 3067.1667 | AM96: =++AL96+$AF$96 -> 3144.4583 | AN96: =++AM96+$AF$96 -> 3221.75 | AO96: =++AN96+$AF$96 -> 3299.0417 | AP96: =++AO96+$AF$96 -> 3376.3333 | AQ96: =++AP96+$AF$96 -> 3453.625 | ... AS96: =++AR96+$AF$96 -> 3608.2083 | AT96: 3685.5
AF97: =(AT97-AH97)/12 -> 0 | AH97: =$AT$97 -> 2758 | AI97: 2758 | AJ97: =$AT$97 -> 2758 | AK97: =$AT$97 -> 2758 | AL97: =$AT$97 -> 2758 | AM97: =$AT$97 -> 2758 | AN97: =$AT$97 -> 2758 | AO97: =$AT$97 -> 2758 | AP97: =$AT$97 -> 2758 | AQ97: =$AT$97 -> 2758 | ... AS97: =$AT$97 -> 2758 | AT97: 2758
AF98: Actual Performance (Yield Dppm) | AI98: 2457.2065 | AJ98: =AJ102/AJ101*1000000 -> 2179.1937 | AK98: =AK102/AK101*1000000 -> 2777.4162 | AL98: =AL102/AL101*1000000 -> 4027.2037 | AM98: =AM102/AM101*1000000 -> 2405.725 | AN98: =AN102/AN101*1000000 -> #DIV/0! | AO98: =AO102/AO101*1000000 -> #DIV/0! | AP98: =AP102/AP101*1000000 -> #DIV/0! | AQ98: =AQ102/AQ101*1000000 -> #DIV/0! | ... AT98: =AT102/AT101*1000000 -> #DIV/0!
AF99: Actual Performance (% Yield) | AI99: 0.99754279 | AJ99: =AJ100/AJ101 -> 0.99782081 | AK99: =AK100/AK101 -> 0.99722258 | AL99: =AL100/AL101 -> 0.9959728 | AM99: =AM100/AM101 -> 0.99759428 | AN99: =AN100/AN101 -> #DIV/0! | AO99: =AO100/AO101 -> #DIV/0! | AP99: =AP100/AP101 -> #DIV/0! | AQ99: =AQ100/AQ101 -> #DIV/0! | ... AT99: =AT100/AT101 -> #DIV/0!
AG100: Total OUTPUT | AI100: 2894945 | AJ100: 8644417 | AK100: 9031824 | AL100: 7352069 | AM100: 5072306
AG101: Total INPUT | AI101: 2902076 | AJ101: 8663296 | AK101: 9056979 | AL101: 7381797 | AM101: 5084538
AG102: TTL NG | AI102: 7131 | AJ102: 18879 | AK102: =AK101-AK100 -> 25155 | AL102: 29728 | AM102: =AM101-AM100 -> 12232
AF103: Achievement Rate | AI103: 33.114881 | AJ103: =(AJ98-AJ97)/(AJ94-AJ97) -> 31.860898 | AK103: =(AK98-AK97)/(AK94-AK97) -> -0.7125203 | AL103: =(AL98-AL97)/(AL94-AL97) -> -34.932211 | AM103: =(AM98-AM97)/(AM94-AM97) -> 7.7565145 | AN103: =(AN98-AN97)/(AN94-AN97) -> #DIV/0! | AO103: =(AO98-AO97)/(AO94-AO97) -> #DIV/0! | AP103: =(AP98-AP97)/(AP94-AP97) -> #DIV/0! | AQ103: =(AQ98-AQ97)/(AQ94-AQ97) -> #DIV/0! | ... AT103: =(AT98-AT97)/(AT94-AT97) -> #DIV/0!
AF104: Achievement Rate (Conditional) | AI104: 1 | AJ104: =IF(OR(AJ103>=100%),100%,IF(OR(AJ103<=0%),0%,AVERAGE(AJ103))) -> 1 | AK104: =IF(OR(AK103>=100%),100%,IF(OR(AK103<=0%),0%,AVERAGE(AK103))) -> 0 | AL104: =IF(OR(AL103>=100%),100%,IF(OR(AL103<=0%),0%,AVERAGE(AL103))) -> 0 | AM104: =IF(OR(AM103>=100%),100%,IF(OR(AM103<=0%),0%,AVERAGE(AM103))) -> 1 | AN104: =IF(OR(AN103>=100%),100%,IF(OR(AN103<=0%),0%,AVERAGE(AN103))) -> #DIV/0! | AO104: =IF(OR(AO103>=100%),100%,IF(OR(AO103<=0%),0%,AVERAGE(AO103))) -> #DIV/0! | AP104: =IF(OR(AP103>=100%),100%,IF(OR(AP103<=0%),0%,AVERAGE(AP103))) -> #DIV/0! | AQ104: =IF(OR(AQ103>=100%),100%,IF(OR(AQ103<=0%),0%,AVERAGE(AQ103))) -> #DIV/0! | ... AT104: =IF(OR(AT103>=100%),100%,IF(OR(AT103<=0%),0%,AVERAGE(AT103))) -> #DIV/0!
AF105: WEIGHTED AVERAGE | AI105: 0.15 | AJ105: =AJ104*0.15 -> 0.15 | AK105: =AK104*0.15 -> 0 | AL105: =AL104*0.15 -> 0 | AM105: =AM104*0.15 -> 0.15 | AN105: =AN104*0.15 -> #DIV/0! | AO105: =AO104*0.15 -> #DIV/0! | AP105: =AP104*0.15 -> #DIV/0! | AQ105: =AQ104*0.15 -> #DIV/0! | ... AT105: =AT104*0.15 -> #DIV/0!
AF108: 5.) FIRST PASS Yield - Percentage | AH108: 45352 | AI108: 45383 | AJ108: 45413 | AK108: 45444 | AL108: 45474 | AM108: 45505 | AN108: 45536 | AO108: 45566 | AP108: 45597 | AQ108: 45627 | AR108: 45658 | AS108: 45689 | AT108: 45717
AF109: =(AT109-AH109)/12 -> 1.6666667e-05 | AG109: Performance | AH109: =$AT$112 -> 0.9972 | AI109: 0.99721667 | AJ109: =++AI109+$AF$109 -> 0.99723333 | AK109: =++AJ109+$AF$109 -> 0.99725 | AL109: =++AK109+$AF$109 -> 0.99726667 | AM109: =++AL109+$AF$109 -> 0.99728333 | AN109: =++AM109+$AF$109 -> 0.9973 | AO109: =++AN109+$AF$109 -> 0.99731667 | AP109: =++AO109+$AF$109 -> 0.99733333 | AQ109: =++AP109+$AF$109 -> 0.99735 | ... AS109: =++AR109+$AF$109 -> 0.99738333 | AT109: 0.9974
AF110: =(AT110-AH110)/12 -> 1.3333333e-05 | AG110: Performance | AH110: =$AT$112 -> 0.9972 | AI110: 0.99721333 | AJ110: =AI110+$AF$110 -> 0.99722667 | AK110: =AJ110+$AF$110 -> 0.99724 | AL110: =AK110+$AF$110 -> 0.99725333 | AM110: =AL110+$AF$110 -> 0.99726667 | AN110: =AM110+$AF$110 -> 0.99728 | AO110: =AN110+$AF$110 -> 0.99729333 | AP110: =AO110+$AF$110 -> 0.99730667 | AQ110: =AP110+$AF$110 -> 0.99732 | ... AS110: =AR110+$AF$110 -> 0.99734667 | AT110: =AT109-(AT109-AT112)*0.2 -> 0.99736
AF111: =(AT111-AH111)/12 -> 8.3333333e-06 | AG111: Performance | AH111: =$AT$112 -> 0.9972 | AI111: 0.99720833 | AJ111: =++AI111+$AF$111 -> 0.99721667 | AK111: =++AJ111+$AF$111 -> 0.997225 | AL111: =++AK111+$AF$111 -> 0.99723333 | AM111: =++AL111+$AF$111 -> 0.99724167 | AN111: =++AM111+$AF$111 -> 0.99725 | AO111: =++AN111+$AF$111 -> 0.99725833 | AP111: =++AO111+$AF$111 -> 0.99726667 | AQ111: =++AP111+$AF$111 -> 0.997275 | ... AS111: =++AR111+$AF$111 -> 0.99729167 | AT111: =AT109-(AT109-AT112)*0.5 -> 0.9973
AF112: =(AT112-AH112)/12 -> 0 | AH112: =$AT$112 -> 0.9972 | AI112: 0.9972 | AJ112: =$AT$112 -> 0.9972 | AK112: =$AT$112 -> 0.9972 | AL112: =$AT$112 -> 0.9972 | AM112: =$AT$112 -> 0.9972 | AN112: =$AT$112 -> 0.9972 | AO112: =$AT$112 -> 0.9972 | AP112: =$AT$112 -> 0.9972 | AQ112: =$AT$112 -> 0.9972 | ... AS112: =$AT$112 -> 0.9972 | AT112: 0.9972
AF113: Actual Performance | AI113: 0.99754279 | AJ113: =AJ114/AJ115 -> 0.99782081 | AK113: =AK114/AK115 -> 0.99722258 | AL113: =AL114/AL115 -> 0.9959728 | AM113: =AM114/AM115 -> 0.99759428 | AN113: =AN114/AN115 -> #DIV/0! | AO113: =AO114/AO115 -> #DIV/0! | AP113: =AP114/AP115 -> #DIV/0! | AQ113: =AQ114/AQ115 -> #DIV/0! | ... AT113: =AT114/AT115 -> #DIV/0!
AF114: Output Qty | AI114: 2894945 | AJ114: =AJ100 -> 8644417 | AK114: =AK100 -> 9031824 | AL114: =AL100 -> 7352069 | AM114: =AM100 -> 5072306 | AN114: =AN100 -> 0 | AO114: =AO100 -> 0 | AP114: =AP100 -> 0 | AQ114: =AQ100 -> 0 | ... AT114: =AT100 -> 0
AF115: Input Qty | AI115: 2902076 | AJ115: =AJ101 -> 8663296 | AK115: =AK101 -> 9056979 | AL115: =AL101 -> 7381797 | AM115: =AM101 -> 5084538 | AN115: =AN101 -> 0 | AO115: =AO101 -> 0 | AP115: =AP101 -> 0 | AQ115: =AQ101 -> 0 | ... AT115: =AT101 -> 0
AF116: Achievement Rate | AI116: 20.56761 | AJ116: =(AJ113-AJ112)/(AJ109-AJ112) -> 18.624189 | AK116: =(AK113-AK112)/(AK109-AK112) -> 0.45167644 | AL116: =(AL113-AL112)/(AL109-AL112) -> -18.408055 | AM116: =(AM113-AM112)/(AM109-AM112) -> 4.7313004 | AN116: =(AN113-AN112)/(AN109-AN112) -> #DIV/0! | AO116: =(AO113-AO112)/(AO109-AO112) -> #DIV/0! | AP116: =(AP113-AP112)/(AP109-AP112) -> #DIV/0! | AQ116: =(AQ113-AQ112)/(AQ109-AQ112) -> #DIV/0! | ... AT116: =(AT113-AT112)/(AT109-AT112) -> #DIV/0!
AF117: Achievement Rate (Conditional) | AI117: 1 | AJ117: =IF(OR(AJ116>=100%),100%,IF(OR(AJ116<=0%),0%,AVERAGE(AJ116))) -> 1 | AK117: =IF(OR(AK116>=100%),100%,IF(OR(AK116<=0%),0%,AVERAGE(AK116))) -> 0.45167644 | AL117: =IF(OR(AL116>=100%),100%,IF(OR(AL116<=0%),0%,AVERAGE(AL116))) -> 0 | AM117: =IF(OR(AM116>=100%),100%,IF(OR(AM116<=0%),0%,AVERAGE(AM116))) -> 1 | AN117: =IF(OR(AN116>=100%),100%,IF(OR(AN116<=0%),0%,AVERAGE(AN116))) -> #DIV/0! | AO117: =IF(OR(AO116>=100%),100%,IF(OR(AO116<=0%),0%,AVERAGE(AO116))) -> #DIV/0! | AP117: =IF(OR(AP116>=100%),100%,IF(OR(AP116<=0%),0%,AVERAGE(AP116))) -> #DIV/0! | AQ117: =IF(OR(AQ116>=100%),100%,IF(OR(AQ116<=0%),0%,AVERAGE(AQ116))) -> #DIV/0! | ... AT117: =IF(OR(AT116>=100%),100%,IF(OR(AT116<=0%),0%,AVERAGE(AT116))) -> #DIV/0!
AF118: WEIGHTED AVERAGE | AI118: 0.2 | AJ118: =AJ117*0.2 -> 0.2 | AK118: =AK117*0.2 -> 0.090335287 | AL118: =AL117*0.2 -> 0 | AM118: =AM117*0.2 -> 0.2 | AN118: =AN117*0.2 -> #DIV/0! | AO118: =AO117*0.2 -> #DIV/0! | AP118: =AP117*0.2 -> #DIV/0! | AQ118: =AQ117*0.2 -> #DIV/0! | ... AT118: =AT117*0.2 -> #DIV/0!
AF121: Actual loss cost | AI121: 2.19892 | AJ121: 1.44 | AK121: 0.50622 | AL121: 0.84 | AM121: 2.65024
AF124: 6.) Loss Cost Ratio to Sales | AH124: 45352 | AI124: 45383 | AJ124: 45413 | AK124: 45444 | AL124: 45474 | AM124: 45505 | AN124: 45536 | AO124: 45566 | AP124: 45597 | AQ124: 45627 | AR124: 45658 | AS124: 45689 | AT124: 45717
AF125: =(AT125-AH125)/12 -> 0 | AH125: =$AT$125 -> 0.005 | AI125: 0.005 | AJ125: =$AT$125 -> 0.005 | AK125: =$AT$125 -> 0.005 | AL125: =$AT$125 -> 0.005 | AM125: =$AT$125 -> 0.005 | AN125: =$AT$125 -> 0.005 | AO125: =$AT$125 -> 0.005 | AP125: =$AT$125 -> 0.005 | AQ125: =$AT$125 -> 0.005 | ... AS125: =$AT$125 -> 0.005 | AT125: 0.005
AF126: =(AT126-AH126)/12 -> -0.00019583333 | AG126: Performance | AH126: =$AT$125 -> 0.005 | AI126: 0.0048041667 | AJ126: =++AI126+$AF$126 -> 0.0046083333 | AK126: =++AJ126+$AF$126 -> 0.0044125 | AL126: =++AK126+$AF$126 -> 0.0042166667 | AM126: =++AL126+$AF$126 -> 0.0040208333 | AN126: =++AM126+$AF$126 -> 0.003825 | AO126: =++AN126+$AF$126 -> 0.0036291667 | AP126: =++AO126+$AF$126 -> 0.0034333333 | AQ126: =++AP126+$AF$126 -> 0.0032375 | ... AS126: =++AR126+$AF$126 -> 0.0028458333 | AT126: 0.00265
AF127: =(AT127-AH127)/12 -> -0.00019333333 | AG127: Performance | AH127: =$AT$125 -> 0.005 | AI127: 0.0048066667 | AJ127: =++AI127+$AF$127 -> 0.0046133333 | AK127: =++AJ127+$AF$127 -> 0.00442 | AL127: =++AK127+$AF$127 -> 0.0042266667 | AM127: =++AL127+$AF$127 -> 0.0040333333 | AN127: =++AM127+$AF$127 -> 0.00384 | AO127: =++AN127+$AF$127 -> 0.0036466667 | AP127: =++AO127+$AF$127 -> 0.0034533333 | AQ127: =++AP127+$AF$127 -> 0.00326 | ... AS127: =++AR127+$AF$127 -> 0.0028733333 | AT127: 0.00268
AF128: =(AT128-AH128)/12 -> -4.1666667e-05 | AG128: Performance | AH128: =$AT$125 -> 0.005 | AI128: 0.0049583333 | AJ128: =++AI128+$AF$128 -> 0.0049166667 | AK128: =++AJ128+$AF$128 -> 0.004875 | AL128: =++AK128+$AF$128 -> 0.0048333333 | AM128: =++AL128+$AF$128 -> 0.0047916667 | AN128: =++AM128+$AF$128 -> 0.00475 | AO128: =++AN128+$AF$128 -> 0.0047083333 | AP128: =++AO128+$AF$128 -> 0.0046666667 | AQ128: =++AP128+$AF$128 -> 0.004625 | ... AS128: =++AR128+$AF$128 -> 0.0045416667 | AT128: 0.0045
AF129: Actual Performance | AI129: 0.0046180401 | AJ129: =AJ121/(AJ130/1000) -> 0.0021699688 | AK129: =AK121/(AK130/1000) -> 0.0008297754 | AL129: =AL121/(AL130/1000) -> 0.0013244267 | AM129: =AM121/(AM130/1000) -> 0.0057413996 | AN129: =AN121/(AN130/1000) -> #DIV/0! | AO129: =AO121/(AO130/1000) -> #DIV/0! | AP129: =AP121/(AP130/1000) -> #DIV/0! | AQ129: =AQ121/(AQ130/1000) -> #DIV/0! | ... AT129: =AT121/(AT130/1000) -> #DIV/0!
AF130: PPS TTL Sales | AI130: 476158.71 | AJ130: 663604 | AK130: 610068.7 | AL130: 634236.7 | AM130: 461601.73
AF131: Achievement Rate | AI131: 9.1670384 | AJ131: =(AJ125-AJ129)/(AJ125-AJ128) -> 33.960374 | AK131: =(AK125-AK129)/(AK125-AK128) -> 33.361797 | AL131: =(AL125-AL129)/(AL125-AL128) -> 22.05344 | AM131: =(AM125-AM129)/(AM125-AM128) -> -3.5587182 | AN131: =(AN125-AN129)/(AN125-AN128) -> #DIV/0! | AO131: =(AO125-AO129)/(AO125-AO128) -> #DIV/0! | AP131: =(AP125-AP129)/(AP125-AP128) -> #DIV/0! | AQ131: =(AQ125-AQ129)/(AQ125-AQ128) -> #DIV/0! | ... AT131: =(AT125-AT129)/(AT125-AT128) -> #DIV/0!
AF132: Achievement Rate (Conditional) | AI132: 1 | AJ132: =IF(OR(AJ131>=100%),100%,IF(OR(AJ131<=0%),0%,AVERAGE(AJ131))) -> 1 | AK132: =IF(OR(AK131>=100%),100%,IF(OR(AK131<=0%),0%,AVERAGE(AK131))) -> 1 | AL132: =IF(OR(AL131>=100%),100%,IF(OR(AL131<=0%),0%,AVERAGE(AL131))) -> 1 | AM132: =IF(OR(AM131>=100%),100%,IF(OR(AM131<=0%),0%,AVERAGE(AM131))) -> 0 | AN132: =IF(OR(AN131>=100%),100%,IF(OR(AN131<=0%),0%,AVERAGE(AN131))) -> #DIV/0! | AO132: =IF(OR(AO131>=100%),100%,IF(OR(AO131<=0%),0%,AVERAGE(AO131))) -> #DIV/0! | AP132: =IF(OR(AP131>=100%),100%,IF(OR(AP131<=0%),0%,AVERAGE(AP131))) -> #DIV/0! | AQ132: =IF(OR(AQ131>=100%),100%,IF(OR(AQ131<=0%),0%,AVERAGE(AQ131))) -> #DIV/0! | ... AT132: =IF(OR(AT131>=100%),100%,IF(OR(AT131<=0%),0%,AVERAGE(AT131))) -> #DIV/0!
AF133: WEIGHTED AVERAGE | AI133: 0.2 | AJ133: =AJ132*0.2 -> 0.2 | AK133: =AK132*0.2 -> 0.2 | AL133: =AL132*0.2 -> 0.2 | AM133: =AM132*0.2 -> 0 | AN133: =AN132*0.2 -> #DIV/0! | AO133: =AO132*0.2 -> #DIV/0! | AP133: =AP132*0.2 -> #DIV/0! | AQ133: =AQ132*0.2 -> #DIV/0! | ... AT133: =AT132*0.2 -> #DIV/0!
AF136: 7.) OQC LAR | AH136: 45352 | AI136: 45383 | AJ136: 45413 | AK136: 45444 | AL136: 45474 | AM136: 45505 | AN136: 45536 | AO136: 45566 | AP136: 45597 | AQ136: 45627 | AR136: 45658 | AS136: 45689 | AT136: 45717
AF137: =(AT137-AH137)/12 -> 1.6666667e-05 | AG137: Performance | AH137: =$AT$140 -> 0.9996 | AI137: 0.99961667 | AJ137: =++AI137+$AF$137 -> 0.99963333 | AK137: =++AJ137+$AF$137 -> 0.99965 | AL137: =++AK137+$AF$137 -> 0.99966667 | AM137: =++AL137+$AF$137 -> 0.99968333 | AN137: =++AM137+$AF$137 -> 0.9997 | AO137: =++AN137+$AF$137 -> 0.99971667 | AP137: =++AO137+$AF$137 -> 0.99973333 | AQ137: =++AP137+$AF$137 -> 0.99975 | ... AS137: =++AR137+$AF$137 -> 0.99978333 | AT137: 0.9998
AF138: =(AT138-AH138)/12 -> -5e-06 | AG138: Performance | AH138: =$AT$140 -> 0.9996 | AI138: 0.999595 | AJ138: =++AI138+$AF$138 -> 0.99959 | AK138: =++AJ138+$AF$138 -> 0.999585 | AL138: =++AK138+$AF$138 -> 0.99958 | AM138: =++AL138+$AF$138 -> 0.999575 | AN138: =++AM138+$AF$138 -> 0.99957 | AO138: =++AN138+$AF$138 -> 0.999565 | AP138: =++AO138+$AF$138 -> 0.99956 | AQ138: =++AP138+$AF$138 -> 0.999555 | ... AS138: =++AR138+$AF$138 -> 0.999545 | AT138: 0.99954
AF139: =(AT139-AH139)/12 -> -1.25e-05 | AG139: Performance | AH139: =$AT$140 -> 0.9996 | AI139: 0.9995875 | AJ139: =++AI139+$AF$139 -> 0.999575 | AK139: =++AJ139+$AF$139 -> 0.9995625 | AL139: =++AK139+$AF$139 -> 0.99955 | AM139: =++AL139+$AF$139 -> 0.9995375 | AN139: =++AM139+$AF$139 -> 0.999525 | AO139: =++AN139+$AF$139 -> 0.9995125 | AP139: =++AO139+$AF$139 -> 0.9995 | AQ139: =++AP139+$AF$139 -> 0.9994875 | ... AS139: =++AR139+$AF$139 -> 0.9994625 | AT139: 0.99945
AF140: =(AT140-AH140)/12 -> 0 | AH140: =$AT$140 -> 0.9996 | AI140: 0 | AJ140: =$AR$115 -> 0 | AK140: =$AR$115 -> 0 | AL140: =$AR$115 -> 0 | AM140: =$AR$115 -> 0 | AN140: =$AR$115 -> 0 | AO140: =$AR$115 -> 0 | AP140: =$AR$115 -> 0 | AQ140: =$AR$115 -> 0 | ... AS140: =$AR$115 -> 0 | AT140: 0.9996
AF141: Actual Performance | AI141: 0.99886801 | AJ141: =AJ143/AJ142 -> 0.9996665 | AK141: =AK143/AK142 -> 0.99933555 | AL141: =AL143/AL142 -> 0.99980766 | AM141: =AM143/AM142 -> 0.99894459 | AN141: =AN143/AN142 -> #DIV/0! | AO141: =AO143/AO142 -> #DIV/0! | AP141: =AP143/AP142 -> #DIV/0! | AQ141: =AQ143/AQ142 -> #DIV/0! | ... AT141: =AT143/AT142 -> #DIV/0!
AF142: No. of Lots Inspected | AI142: 4417 | AJ142: 5997 | AK142: 4515 | AL142: 5199 | AM142: 3790
AF143: No. of Lots OK | AI143: 4412 | AJ143: 5995 | AK143: 4512 | AL143: 5198 | AM143: 3786
AF144: Achievement Rate | AI144: 0.99925106 | AJ144: =(AJ141-AJ140)/(AJ137-AJ140) -> 1.0000332 | AK144: =(AK141-AK140)/(AK137-AK140) -> 0.99968544 | AL144: =(AL141-AL140)/(AL137-AL140) -> 1.000141 | AM144: =(AM141-AM140)/(AM137-AM140) -> 0.99926102 | AN144: =(AN141-AN140)/(AN137-AN140) -> #DIV/0! | AO144: =(AO141-AO140)/(AO137-AO140) -> #DIV/0! | AP144: =(AP141-AP140)/(AP137-AP140) -> #DIV/0! | AQ144: =(AQ141-AQ140)/(AQ137-AQ140) -> #DIV/0! | ... AT144: =(AT141-AT140)/(AT137-AT140) -> #DIV/0!
AF145: Achievement Rate (Conditional) | AI145: =IF(OR(AI144>=100%),100%,IF(OR(AI144<=0%),0%,AVERAGE(AI144))) -> 0.99925106 | AJ145: =IF(OR(AJ144>=100%),100%,IF(OR(AJ144<=0%),0%,AVERAGE(AJ144))) -> 1 | AK145: =IF(OR(AK144>=100%),100%,IF(OR(AK144<=0%),0%,AVERAGE(AK144))) -> 0.99968544 | AL145: =IF(OR(AL144>=100%),100%,IF(OR(AL144<=0%),0%,AVERAGE(AL144))) -> 1 | AM145: =IF(OR(AM144>=100%),100%,IF(OR(AM144<=0%),0%,AVERAGE(AM144))) -> 0.99926102 | AN145: =IF(OR(AN144>=100%),100%,IF(OR(AN144<=0%),0%,AVERAGE(AN144))) -> #DIV/0! | AO145: =IF(OR(AO144>=100%),100%,IF(OR(AO144<=0%),0%,AVERAGE(AO144))) -> #DIV/0! | AP145: =IF(OR(AP144>=100%),100%,IF(OR(AP144<=0%),0%,AVERAGE(AP144))) -> #DIV/0! | ... AT145: =IF(OR(AT144>=100%),100%,IF(OR(AT144<=0%),0%,AVERAGE(AT144))) -> #DIV/0!
AF146: WEIGHTED AVERAGE | AI146: 0.14988766 | AJ146: =AJ145*0.15 -> 0.15 | AK146: =AK145*0.15 -> 0.14995282 | AL146: =AL145*0.15 -> 0.15 | AM146: =AM145*0.15 -> 0.14988915 | AN146: =AN145*0.15 -> #DIV/0! | AO146: =AO145*0.15 -> #DIV/0! | AP146: =AP145*0.15 -> #DIV/0! | AQ146: =AQ145*0.15 -> #DIV/0! | ... AT146: =AT145*0.15 -> #DIV/0!
AF149: 8.) OQC Dppm | AH149: 45352 | AI149: 45383 | AJ149: 45413 | AK149: 45444 | AL149: 45474 | AM149: 45505 | AN149: 45536 | AO149: 45566 | AP149: 45597 | AQ149: 45627 | AR149: 45658 | AS149: 45689 | AT149: 45717
AF150: =(AT150-AH150)/12 -> 0 | AH150: =$AT$150 -> 26 | AI150: 26 | AJ150: =++AI150+$AF$150 -> 26 | AK150: =++AJ150+$AF$150 -> 26 | AL150: =++AK150+$AF$150 -> 26 | AM150: =++AL150+$AF$150 -> 26 | AN150: =++AM150+$AF$150 -> 26 | AO150: =++AN150+$AF$150 -> 26 | AP150: =++AO150+$AF$150 -> 26 | AQ150: =++AP150+$AF$150 -> 26 | ... AS150: =++AR150+$AF$150 -> 26 | AT150: 26
AF151: =(AT151-AH151)/12 -> -1.025 | AG151: Performance | AH151: =$AT$150 -> 26 | AI151: 24.975 | AJ151: =++AI151+$AF$151 -> 23.95 | AK151: =++AJ151+$AF$151 -> 22.925 | AL151: =++AK151+$AF$151 -> 21.9 | AM151: =++AL151+$AF$151 -> 20.875 | AN151: =++AM151+$AF$151 -> 19.85 | AO151: =++AN151+$AF$151 -> 18.825 | AP151: =++AO151+$AF$151 -> 17.8 | AQ151: =++AP151+$AF$151 -> 16.775 | ... AS151: =++AR151+$AF$151 -> 14.725 | AT151: =AT150-(AT150-AT153)*0.5 -> 13.7
AF152: =(AT152-AH152)/12 -> -1.64 | AG152: Performance | AH152: =$AT$150 -> 26 | AI152: 24.36 | AJ152: =++AI152+$AF$152 -> 22.72 | AK152: =++AJ152+$AF$152 -> 21.08 | AL152: =++AK152+$AF$152 -> 19.44 | AM152: =++AL152+$AF$152 -> 17.8 | AN152: =++AM152+$AF$152 -> 16.16 | AO152: =++AN152+$AF$152 -> 14.52 | AP152: =++AO152+$AF$152 -> 12.88 | AQ152: =++AP152+$AF$152 -> 11.24 | ... AS152: =++AR152+$AF$152 -> 7.96 | AT152: =AT150-(AT150-AT153)*0.8 -> 6.32
...

Sheet Support
A2: =AO66 -> 1 | B2: Action Plan | E2: Division / Section: | I2: Support | R2: Ref. No.: | Z2: Approved (sign)
B3: Theme | E3: Responsible Person | I3: Team Members | R3: Date Prepared: | T3: 45540 | Z3: ESM/EAN/RNS
A4: Key 11 | B4: Quality Assurance System | E4: Jhon Carlo Paran | I4: Dang Villabroza / D. Cuevas / Christian Panelo / Marivic Datoon / Angelito Antonio | R4: Approval: | T4: TTN
A5: Aiming for Improvement | B5: Slogan | E5: Area | I5: Objective | R5: Evaluation Factor Customer Claim (Internal) | T5: Evaluation Factor Suppliers Performance
B6: Let's apply QA system on countermeasures at the source | E6: SUPPORT | I6: <> Internal claim - zero claim <> Supplier performance improvement using the SPRR rule | R6: FY23 | S6: FY24Tgt | T6: FY23 | U6: FY24Tgt
R7: 0 | S7: 0 | T7: 0.9973 | U7: 0.95
A13: No | B13: Actions | E13: Person | F13: Apr | G13: May | H13: Jun | I13: Jul | J13: Aug | K13: Sep | L13: Oct | M13: Nov | N13: Dec | O13: Jan | P13: Feb | Q13: Mar | R13: Follow-up by Responsible Person | Z13: Comments from Manager
A14: 1 | B14: Improve monitoring & validation of customer feedback actions within the group / affected section. Procedure: Three (3) months monitoring of actions. | E14: QAD (Carlo) | R14: 45383 | S14: No received internal claim for April 2024 | Z14: 45383 | AA14: No internal claims received for April , 2024
A15: 2 | B15: Support cost reduction program of the company Identify and list down items base on cost and frequency. Coordinate with suppliers for cost down | E15: Krish/ Avhic/ AMN | R15: 45413 | S15: No received internal claim for May 2024 | Z15: 45413 | AA15: Gear to No internal claims received for the succeeeding months of FY, 2024
R16: 45444 | S16: No received internal claim for June 2024
R17: 45474 | S17: No received internal claim for July 2024
R18: 45505 | S18: No received internal claim for August 2024
AJ36: Pink cell should be updated
AH37: SUPPORT
AH38: 1.) Customer Claim (Internal) | AJ38: 45352 | AK38: 45383 | AL38: 45413 | AM38: 45444 | AN38: 45474 | AO38: 45505 | AP38: 45536 | AQ38: 45566 | AR38: 45597 | AS38: 45627 | AT38: 45658 | AU38: 45689 | AV38: 45717
AH39: =(AV39-AJ39)/12 -> 0 | AJ39: 0 | AK39: =AJ39+$AH$39 -> 0 | AL39: =AK39+$AH$39 -> 0 | AM39: =AL39+$AH$39 -> 0 | AN39: =AM39+$AH$39 -> 0 | AO39: =AN39+$AH$39 -> 0 | AP39: =AO39+$AH$39 -> 0 | AQ39: =AP39+$AH$39 -> 0 | AR39: =AQ39+$AH$39 -> 0 | ... AU39: =AT39+$AH$39 -> 0 | AV39: 0
AH40: =(AV40-AJ40)/12 -> 0 | AI40: Performance | AJ40: =AV39 -> 0 | AK40: =AJ40+$AH$40 -> 0 | AL40: =AK40+$AH$40 -> 0 | AM40: =AL40+$AH$40 -> 0 | AN40: =AM40+$AH$40 -> 0 | AO40: =AN40+$AH$40 -> 0 | AP40: =AO40+$AH$40 -> 0 | AQ40: =AP40+$AH$40 -> 0 | AR40: =AQ40+$AH$40 -> 0 | ... AU40: =AT40+$AH$40 -> 0 | AV40: =AV39-(AV39-AV42)*0.5 -> 0
AH41: =(AV41-AJ41)/12 -> 0 | AI41: Performance | AJ41: =AV39 -> 0 | AK41: =AJ41+$AH$41 -> 0 | AL41: =AK41+$AH$41 -> 0 | AM41: =AL41+$AH$41 -> 0 | AN41: =AM41+$AH$41 -> 0 | AO41: =AN41+$AH$41 -> 0 | AP41: =AO41+$AH$41 -> 0 | AQ41: =AP41+$AH$41 -> 0 | AR41: =AQ41+$AH$41 -> 0 | ... AU41: =AT41+$AH$41 -> 0 | AV41: =AV39-(AV39-AV42)*0.8 -> 0
AH42: =(AV42-AJ42)/12 -> 0 | AI42: Performance | AJ42: =AV39 -> 0 | AK42: =AJ42+$AH$42 -> 0 | AL42: =AK42+$AH$42 -> 0 | AM42: =AL42+$AH$42 -> 0 | AN42: =AM42+$AH$42 -> 0 | AO42: =AN42+$AH$42 -> 0 | AP42: =AO42+$AH$42 -> 0 | AQ42: =AP42+$AH$42 -> 0 | AR42: =AQ42+$AH$42 -> 0 | ... AU42: =AT42+$AH$42 -> 0 | AV42: 0
AH43: Accum. Actual Performance | AJ43: =AV39 -> 0 | AK43: =AK45 -> 0 | AL43: =AK43+AL45 -> 0 | AM43: =AL43+AM45 -> 0 | AN43: =AM43+AN45 -> 0 | AO43: =AN43+AO45 -> 0 | AP43: =AO43+AP45 -> 0 | AQ43: =AP43+AQ45 -> 0 | AR43: =AQ43+AR45 -> 0 | AS43: =AR43+AS45 -> 0 | ... AV43: =AU43+AV45 -> 0
AH45: Actual Performance | AK45: 0 | AL45: 0 | AM45: 0 | AN45: 0 | AO45: 0
AH47: Achievement Rate | AK47: =([64]Support!AK39-[64]Support!AK43)/([64]Support!AK39-[64]Support!AK42) -> #DIV/0! | AL47: =(AL39-AL43)/(AL39-AL42) -> #DIV/0! | AM47: =(AM39-AM43)/(AM39-AM42) -> #DIV/0! | AN47: =(AN39-AN43)/(AN39-AN42) -> #DIV/0! | AO47: =(AO39-AO43)/(AO39-AO42) -> #DIV/0! | AP47: =(AP39-AP43)/(AP39-AP42) -> #DIV/0! | AQ47: =(AQ39-AQ43)/(AQ39-AQ42) -> #DIV/0! | AR47: =(AR39-AR43)/(AR39-AR42) -> #DIV/0! | AS47: =(AS39-AS43)/(AS39-AS42) -> #DIV/0! | ... AV47: =(AV39-AV43)/(AV39-AV42) -> #DIV/0!
AH48: Achievement Rate (Conditional) | AK48: 1 | AL48: 1 | AM48: 1 | AN48: 1 | AO48: 1 | AP48: =IF(OR(AP47>=100%),100%,IF(OR(AP47<=0%),0%,AVERAGE(AP47))) -> #DIV/0! | AQ48: =IF(OR(AQ47>=100%),100%,IF(OR(AQ47<=0%),0%,AVERAGE(AQ47))) -> #DIV/0! | AR48: =IF(OR(AR47>=100%),100%,IF(OR(AR47<=0%),0%,AVERAGE(AR47))) -> #DIV/0! | AS48: =IF(OR(AS47>=100%),100%,IF(OR(AS47<=0%),0%,AVERAGE(AS47))) -> #DIV/0! | AT48: =IF(OR(AT47>=100%),100%,IF(OR(AT47<=0%),0%,AVERAGE(AT47))) -> #DIV/0! | AU48: =IF(OR(AU47>=100%),100%,IF(OR(AU47<=0%),0%,AVERAGE(AU47))) -> #DIV/0! | AV48: =IF(OR(AV47>=100%),100%,IF(OR(AV47<=0%),0%,AVERAGE(AV47))) -> #DIV/0!
AH49: WEIGHTED AVERAGE | AK49: =AK48*0.5 -> 0.5 | AL49: =AL48*0.5 -> 0.5 | AM49: =AM48*0.5 -> 0.5 | AN49: =AN48*0.5 -> 0.5 | AO49: =AO48*0.5 -> 0.5 | AP49: =AP48*0.5 -> #DIV/0! | AQ49: =AQ48*0.5 -> #DIV/0! | AR49: =AR48*0.5 -> #DIV/0! | ... AV49: =AV48*0.5 -> #DIV/0!
AH52: 2) Supplier's Performance | AJ52: 45352 | AK52: 45383 | AL52: 45413 | AM52: 45444 | AN52: 45474 | AO52: 45505 | AP52: 45536 | AQ52: 45566 | AR52: 45597 | AS52: 45627 | AT52: 45658 | AU52: 45689 | AV52: 45717
AH53: =(AV53-AJ53)/12 -> -0.0039416667 | AI53: Performance | AJ53: =$AV$56 -> 0.9973 | AK53: =++AJ53+$AH$53 -> 0.99335833 | AL53: =++AK53+$AH$53 -> 0.98941667 | AM53: =++AL53+$AH$53 -> 0.985475 | AN53: =++AM53+$AH$53 -> 0.98153333 | AO53: =++AN53+$AH$53 -> 0.97759167 | AP53: =++AO53+$AH$53 -> 0.97365 | AQ53: =++AP53+$AH$53 -> 0.96970833 | AR53: =++AQ53+$AH$53 -> 0.96576667 | ... AU53: =++AT53+$AH$53 -> 0.95394167 | AV53: 0.95
AH54: =(AV54-AJ54)/12 -> -0.0031533333 | AI54: Performance | AJ54: =$AV$56 -> 0.9973 | AK54: =++AJ54+$AH$54 -> 0.99414667 | AL54: =++AK54+$AH$54 -> 0.99099333 | AM54: =++AL54+$AH$54 -> 0.98784 | AN54: =++AM54+$AH$54 -> 0.98468667 | AO54: =++AN54+$AH$54 -> 0.98153333 | AP54: =++AO54+$AH$54 -> 0.97838 | AQ54: =++AP54+$AH$54 -> 0.97522667 | AR54: =++AQ54+$AH$54 -> 0.97207333 | ... AU54: =++AT54+$AH$54 -> 0.96261333 | AV54: =AV53-(AV53-AV56)*0.2 -> 0.95946
AH55: =(AV55-AJ55)/12 -> -0.0019708333 | AI55: Performance | AJ55: =$AV$56 -> 0.9973 | AK55: =++AJ55+$AH$55 -> 0.99532917 | AL55: =++AK55+$AH$55 -> 0.99335833 | AM55: =++AL55+$AH$55 -> 0.9913875 | AN55: =++AM55+$AH$55 -> 0.98941667 | AO55: =++AN55+$AH$55 -> 0.98744583 | AP55: =++AO55+$AH$55 -> 0.985475 | AQ55: =++AP55+$AH$55 -> 0.98350417 | AR55: =++AQ55+$AH$55 -> 0.98153333 | ... AU55: =++AT55+$AH$55 -> 0.97562083 | AV55: =AV53-(AV53-AV56)*0.5 -> 0.97365
AH56: =(AV56-AJ56)/12 -> 0 | AJ56: =$AV$56 -> 0.9973 | AK56: =++AJ56+$AH$56 -> 0.9973 | AL56: =++AK56+$AH$56 -> 0.9973 | AM56: =++AL56+$AH$56 -> 0.9973 | AN56: =++AM56+$AH$56 -> 0.9973 | AO56: =++AN56+$AH$56 -> 0.9973 | AP56: =++AO56+$AH$56 -> 0.9973 | AQ56: =++AP56+$AH$56 -> 0.9973 | AR56: =++AQ56+$AH$56 -> 0.9973 | ... AU56: =++AT56+$AH$56 -> 0.9973 | AV56: 0.9973
AH57: Actual Performance | AK57: =AK59 -> 0.97 | AL57: =AL59 -> 0.995 | AM57: =AM59 -> 0.9828 | AN57: =AN59 -> 0.9672 | AO57: =AO59 -> 0.9981 | AP57: =AP59 -> 0 | AQ57: =AQ59 -> 0 | AR57: =AR59 -> 0 | ... AV57: =AV59 -> 0
AH59: Actual Performance | AK59: 0.97 | AL59: 0.995 | AM59: 0.9828 | AN59: 0.9672 | AO59: 0.9981
AH61: Achievement Rate | AK61: =(AK57-AK56)/(AK53-AK56) -> 6.9260042 | AL61: =(AL57-AL56)/(AL53-AL56) -> 0.29175476 | AM61: =(AM57-AM56)/(AM53-AM56) -> 1.2262156 | AN61: =(AN57-AN56)/(AN53-AN56) -> 1.9090909 | AO61: =(AO57-AO56)/(AO53-AO56) -> -0.040591966 | AP61: =(AP57-AP56)/(AP53-AP56) -> 42.169133 | AQ61: =(AQ57-AQ56)/(AQ53-AQ56) -> 36.144971 | AR61: =(AR57-AR56)/(AR53-AR56) -> 31.62685 | ... AV61: =(AV57-AV56)/(AV53-AV56) -> 21.084567
AH62: Achievement Rate (Conditional) | AK62: =IF(OR(AK61>=100%),100%,IF(OR(AK61<=0%),0%,AVERAGE(AK61))) -> 1 | AL62: 1 | AM62: =IF(OR(AM61>=100%),100%,IF(OR(AM61<=0%),0%,AVERAGE(AM61))) -> 1 | AN62: =IF(OR(AN61>=100%),100%,IF(OR(AN61<=0%),0%,AVERAGE(AN61))) -> 1 | AO62: 1 | AP62: =IF(OR(AP61>=100%),100%,IF(OR(AP61<=0%),0%,AVERAGE(AP61))) -> 1 | AQ62: =IF(OR(AQ61>=100%),100%,IF(OR(AQ61<=0%),0%,AVERAGE(AQ61))) -> 1 | AR62: =IF(OR(AR61>=100%),100%,IF(OR(AR61<=0%),0%,AVERAGE(AR61))) -> 1 | AS62: =IF(OR(AS61>=100%),100%,IF(OR(AS61<=0%),0%,AVERAGE(AS61))) -> 1 | AT62: =IF(OR(AT61>=100%),100%,IF(OR(AT61<=0%),0%,AVERAGE(AT61))) -> 1 | AU62: =IF(OR(AU61>=100%),100%,IF(OR(AU61<=0%),0%,AVERAGE(AU61))) -> 1 | AV62: =IF(OR(AV61>=100%),100%,IF(OR(AV61<=0%),0%,AVERAGE(AV61))) -> 1
AH63: WEIGHTED AVERAGE | AK63: =AK62*0.5 -> 0.5 | AL63: =AL62*0.5 -> 0.5 | AM63: =AM62*0.5 -> 0.5 | AN63: =AN62*0.5 -> 0.5 | AO63: =AO62*0.5 -> 0.5 | AP63: =AP62*0.5 -> 0.5 | AQ63: =AQ62*0.5 -> 0.5 | AR63: =AR62*0.5 -> 0.5 | ... AV63: =AV62*0.5 -> 0.5
AH66: Achievement Rate (Weighted AVE) | AK66: =SUM(AK63,Support!AK49) -> 1 | AL66: =SUM(AL63,AL49) -> 1 | AM66: =SUM(AM63,AM49) -> 1 | AN66: =SUM(AN63,AN49) -> 1 | AO66: =SUM(AO63,AO49) -> 1 | AP66: =SUM(AP63,AP49) -> #DIV/0! | AQ66: =SUM(AQ63,AQ49) -> #DIV/0! | AR66: =SUM(AR63,AR49) -> #DIV/0! | AS66: =SUM(AS63,AS49) -> #DIV/0! | ... AV66: =SUM(AV63,AV49) -> #DIV/0!
